# Per-test memory and declared classes, SQLite shard 1 of main 0f9b39ce (CI-identical partition), memory_limit=-1, first 815 tests
# columns: test id, memory_get_usage, memory_get_usage(true), count(get_declared_classes()) after gc
Tests\Unit\AllocateDiscountTest::test_exact_allocations_survive_reordering_and_large_intermediate_products#equal remainders	74057216	76021760	1676
Tests\Unit\AllocateDiscountTest::test_exact_allocations_survive_reordering_and_large_intermediate_products#proportional	74056280	76021760	1676
Tests\Unit\AllocateDiscountTest::test_exact_allocations_survive_reordering_and_large_intermediate_products#uneven prices	74054856	76021760	1676
Tests\Unit\AllocateDiscountTest::test_exact_allocations_survive_reordering_and_large_intermediate_products#maximum product	74053688	76021760	1676
Tests\Unit\AllocateDiscountTest::test_exact_allocations_survive_reordering_and_large_intermediate_products#tiny second weight	74052264	76021760	1676
Tests\Unit\AllocateDiscountTest::test_exact_allocations_survive_reordering_and_large_intermediate_products#full amount	74050840	76021760	1676
Tests\Unit\AllocateDiscountTest::test_exact_allocations_survive_reordering_and_large_intermediate_products#zero amount	74049464	76021760	1676
Tests\Unit\AllocateDiscountTest::test_exact_allocations_survive_reordering_and_large_intermediate_products#one line at maximum	74048120	76021760	1676
Tests\Unit\AllocateDiscountTest::test_rejects_invalid_or_excessive_allocations#0	74044576	76021760	1676
Tests\Unit\AllocateDiscountTest::test_rejects_invalid_or_excessive_allocations#1	74043536	76021760	1676
Tests\Unit\AllocateDiscountTest::test_rejects_invalid_or_excessive_allocations#2	74041728	76021760	1676
Tests\Unit\AllocateDiscountTest::test_rejects_invalid_or_excessive_allocations#3	74039920	76021760	1676
Tests\Unit\AllocateDiscountTest::test_rejects_invalid_or_excessive_allocations#4	74038112	76021760	1676
Tests\Unit\AllocateDiscountTest::test_rejects_invalid_or_excessive_allocations#5	74036320	76021760	1676
Tests\Unit\AllocateDiscountTest::test_rejects_invalid_or_excessive_allocations#6	74034496	76021760	1676
Tests\Unit\AllocateDiscountTest::test_rejects_invalid_or_excessive_allocations#7	74033120	76021760	1676
Tests\Unit\AllocateDiscountTest::test_rejects_invalid_or_excessive_allocations#8	74031800	76021760	1676
Tests\Unit\BackupRestoreProofTest::test_synthetic_backup_restores_into_an_isolated_location_with_byte_and_manifest_equality	74340376	76021760	1680
Tests\Unit\BackupRestoreProofTest::test_any_tampering_after_backup_or_restore_blocks_verification#restored private byte flipped	74338216	76021760	1680
Tests\Unit\BackupRestoreProofTest::test_any_tampering_after_backup_or_restore_blocks_verification#restored private file removed	74336880	76021760	1680
Tests\Unit\BackupRestoreProofTest::test_any_tampering_after_backup_or_restore_blocks_verification#unlisted restored file added	74335544	76021760	1680
Tests\Unit\BackupRestoreProofTest::test_any_tampering_after_backup_or_restore_blocks_verification#restored symlink planted	74334176	76021760	1680
Tests\Unit\BackupRestoreProofTest::test_any_tampering_after_backup_or_restore_blocks_verification#restored file permissions widened	74332856	76021760	1680
Tests\Unit\BackupRestoreProofTest::test_any_tampering_after_backup_or_restore_blocks_verification#restored private root widened	74331536	76021760	1680
Tests\Unit\BackupRestoreProofTest::test_any_tampering_after_backup_or_restore_blocks_verification#restored private root replaced by a symlink	74330264	76021760	1680
Tests\Unit\BackupRestoreProofTest::test_any_tampering_after_backup_or_restore_blocks_verification#restored database byte changed	74328864	76021760	1680
Tests\Unit\BackupRestoreProofTest::test_any_tampering_after_backup_or_restore_blocks_verification#backup file changed after manifest	74327528	76021760	1680
Tests\Unit\BackupRestoreProofTest::test_any_tampering_after_backup_or_restore_blocks_verification#manifest edited	74326144	76021760	1680
Tests\Unit\BackupRestoreProofTest::test_unsafe_or_ambiguous_invocations_are_refused_before_writing	74323648	76021760	1680
Tests\Unit\BulkLicenseDraftSourceBrowserEvidenceTest::test_actual_helper_checks_every_selected_row_audit_and_unchanged_purchased_graph	74406272	76021760	1681
Tests\Unit\BulkLicenseDraftSourceBrowserEvidenceTest::test_actual_helper_rejects_extra_audit_context_without_readback_effects_or_private_text	74405816	76021760	1681
Tests\Unit\BulkLicenseDraftSourceBrowserEvidenceTest::test_complete_selected_row_receipt_detects_a_timestamp_only_write_for_native_noop_and_replay_comparisons	74405360	76021760	1681
Tests\Unit\BulkLicenseDraftSourceBrowserEvidenceTest::test_unsafe_selection_configuration_and_symlinks_refuse_without_effects_or_private_diagnostics	74405224	76021760	1681
Tests\Unit\CatalogDryRunCommandTest::test_real_cli_resumes_deterministically_and_completed_replay_does_not_replace_evidence	74419376	76021760	1682
Tests\Unit\CatalogDryRunCommandTest::test_complete_conflicts_have_a_distinct_failure_status_and_no_import_effect	74418728	76021760	1682
Tests\Unit\CatalogDryRunCommandTest::test_changed_source_target_or_mapping_cannot_resume_the_existing_checkpoint	74418176	76021760	1682
Tests\Unit\CatalogDryRunCommandTest::test_tampered_noncanonical_and_oversized_checkpoints_are_never_replaced	74417432	76021760	1682
Tests\Unit\CatalogDryRunCommandTest::test_invalid_json_and_non_synthetic_values_emit_only_a_safe_code_before_output_writes	74416784	76021760	1682
Tests\Unit\CatalogDryRunCommandTest::test_unsupported_apply_duplicate_missing_and_invalid_limit_options_are_refused	74416136	76021760	1682
Tests\Unit\CatalogDryRunCommandTest::test_input_links_and_non_regular_files_are_refused_without_touching_the_original	74415488	76021760	1682
Tests\Unit\CatalogDryRunCommandTest::test_output_requires_a_canonical_private_directory_outside_any_repository	74415480	76021760	1682
Tests\Unit\CatalogDryRunCommandTest::test_foreign_output_objects_and_unsafe_recognized_files_are_preserved	74414832	76021760	1682
Tests\Unit\CatalogDryRunCommandTest::test_a_second_process_cannot_write_while_the_output_lock_is_owned	74414120	76021760	1682
Tests\Unit\CatalogDryRunCommandTest::test_an_interrupted_pending_write_preserves_previous_checkpoint_until_explicit_recovery	74413472	76021760	1682
Tests\Unit\CatalogDryRunTest::test_deterministic_source_mapped_plan_retains_visibility_without_publication_or_private_values	74465520	76021760	1683
Tests\Unit\CatalogDryRunTest::test_restart_and_completed_replay_produce_exact_uninterrupted_checkpoint	74464936	76021760	1683
Tests\Unit\CatalogDryRunTest::test_conflicts_are_explicit_and_never_become_updates_or_creates#source drift	74462560	76021760	1683
Tests\Unit\CatalogDryRunTest::test_conflicts_are_explicit_and_never_become_updates_or_creates#target drift	74461200	76021760	1683
Tests\Unit\CatalogDryRunTest::test_conflicts_are_explicit_and_never_become_updates_or_creates#missing mapped target	74459872	76021760	1683
Tests\Unit\CatalogDryRunTest::test_conflicts_are_explicit_and_never_become_updates_or_creates#new transform	74458496	76021760	1683
Tests\Unit\CatalogDryRunTest::test_conflicts_are_explicit_and_never_become_updates_or_creates#duplicate source ID	74457168	76021760	1683
Tests\Unit\CatalogDryRunTest::test_conflicts_are_explicit_and_never_become_updates_or_creates#two proposed slugs	74455792	76021760	1683
Tests\Unit\CatalogDryRunTest::test_conflicts_are_explicit_and_never_become_updates_or_creates#occupied slug	74454432	76021760	1683
Tests\Unit\CatalogDryRunTest::test_conflicts_are_explicit_and_never_become_updates_or_creates#sold source	74453072	76021760	1683
Tests\Unit\CatalogDryRunTest::test_conflicts_are_explicit_and_never_become_updates_or_creates#unknown state	74451696	76021760	1683
Tests\Unit\CatalogDryRunTest::test_conflicts_are_explicit_and_never_become_updates_or_creates#foreign mapping namespace	74450368	76021760	1683
Tests\Unit\CatalogDryRunTest::test_conflicts_are_explicit_and_never_become_updates_or_creates#changed approved mapping	74449008	76021760	1683
Tests\Unit\CatalogDryRunTest::test_invalid_or_ambiguous_input_is_refused_before_planning#0	74443456	76021760	1683
Tests\Unit\CatalogDryRunTest::test_invalid_or_ambiguous_input_is_refused_before_planning#1	74441896	76021760	1683
Tests\Unit\CatalogDryRunTest::test_invalid_or_ambiguous_input_is_refused_before_planning#2	74440288	76021760	1683
Tests\Unit\CatalogDryRunTest::test_invalid_or_ambiguous_input_is_refused_before_planning#3	74438728	76021760	1683
Tests\Unit\CatalogDryRunTest::test_invalid_or_ambiguous_input_is_refused_before_planning#4	74437160	76021760	1683
Tests\Unit\CatalogDryRunTest::test_invalid_or_ambiguous_input_is_refused_before_planning#5	74435576	76021760	1683
Tests\Unit\CatalogDryRunTest::test_invalid_or_ambiguous_input_is_refused_before_planning#6	74434000	76021760	1683
Tests\Unit\CatalogDryRunTest::test_invalid_or_ambiguous_input_is_refused_before_planning#7	74432440	76021760	1683
Tests\Unit\CatalogDryRunTest::test_invalid_or_ambiguous_input_is_refused_before_planning#8	74436504	76021760	1683
Tests\Unit\CatalogDryRunTest::test_invalid_or_ambiguous_input_is_refused_before_planning#9	74434928	76021760	1683
Tests\Unit\CatalogDryRunTest::test_invalid_or_ambiguous_input_is_refused_before_planning#10	74433328	76021760	1683
Tests\Unit\CatalogDryRunTest::test_invalid_or_ambiguous_input_is_refused_before_planning#11	74431768	76021760	1683
Tests\Unit\CatalogDryRunTest::test_invalid_or_ambiguous_input_is_refused_before_planning#12	74430176	76021760	1683
Tests\Unit\CatalogDryRunTest::test_invalid_or_ambiguous_input_is_refused_before_planning#13	74428600	76021760	1683
Tests\Unit\CatalogDryRunTest::test_invalid_or_ambiguous_input_is_refused_before_planning#14	74427024	76021760	1683
Tests\Unit\CatalogDryRunTest::test_invalid_or_ambiguous_input_is_refused_before_planning#15	74425528	76021760	1683
Tests\Unit\CatalogDryRunTest::test_invalid_or_ambiguous_input_is_refused_before_planning#16	74423968	76021760	1683
Tests\Unit\CatalogDryRunTest::test_invalid_or_ambiguous_input_is_refused_before_planning#17	74422312	76021760	1683
Tests\Unit\CatalogDryRunTest::test_invalid_or_ambiguous_input_is_refused_before_planning#18	74420736	76021760	1683
Tests\Unit\CatalogDryRunTest::test_invalid_or_ambiguous_input_is_refused_before_planning#19	74419184	76021760	1683
Tests\Unit\CatalogDryRunTest::test_invalid_or_ambiguous_input_is_refused_before_planning#20	74417584	78118912	1683
Tests\Unit\CatalogDryRunTest::test_invalid_or_ambiguous_input_is_refused_before_planning#21	74416008	78118912	1683
Tests\Unit\CatalogDryRunTest::test_invalid_or_ambiguous_input_is_refused_before_planning#22	74414432	78118912	1683
Tests\Unit\CatalogDryRunTest::test_resume_refuses_changed_binding_or_unverified_prefix#0	74409656	78118912	1683
Tests\Unit\CatalogDryRunTest::test_resume_refuses_changed_binding_or_unverified_prefix#1	74408064	78118912	1683
Tests\Unit\CatalogDryRunTest::test_resume_refuses_changed_binding_or_unverified_prefix#2	74406456	78118912	1683
Tests\Unit\CatalogDryRunTest::test_resume_refuses_changed_binding_or_unverified_prefix#3	74404832	78118912	1683
Tests\Unit\CatalogDryRunTest::test_resume_refuses_changed_binding_or_unverified_prefix#4	74403224	78118912	1683
Tests\Unit\CatalogDryRunTest::test_resume_refuses_changed_binding_or_unverified_prefix#5	74401616	78118912	1683
Tests\Unit\CatalogDryRunTest::test_resume_refuses_changed_binding_or_unverified_prefix#6	74400008	78118912	1683
Tests\Unit\CatalogDryRunTest::test_resume_refuses_changed_binding_or_unverified_prefix#7	74398408	78118912	1683
Tests\Unit\CatalogDryRunTest::test_resume_refuses_changed_binding_or_unverified_prefix#8	74396808	78118912	1683
Tests\Unit\CatalogDryRunTest::test_resume_refuses_changed_binding_or_unverified_prefix#9	74395200	78118912	1683
Tests\Unit\CatalogDryRunTest::test_resume_refuses_changed_binding_or_unverified_prefix#10	74393608	78118912	1683
Tests\Unit\ContractRenderProfileRegistryTest::test_retained_v1_metadata_hash_and_real_pdf_bytes_are_identical_to_before_registry	74718504	78118912	1690
Tests\Unit\ContractRenderProfileRegistryTest::test_unknown_malformed_or_path_like_versions_cannot_select_retained_metadata#0	74716616	78118912	1690
Tests\Unit\ContractRenderProfileRegistryTest::test_unknown_malformed_or_path_like_versions_cannot_select_retained_metadata#1	74715232	78118912	1690
Tests\Unit\ContractRenderProfileRegistryTest::test_unknown_malformed_or_path_like_versions_cannot_select_retained_metadata#2	74713904	78118912	1690
Tests\Unit\ContractRenderProfileRegistryTest::test_unknown_malformed_or_path_like_versions_cannot_select_retained_metadata#3	74712480	78118912	1690
Tests\Unit\ContractRenderProfileRegistryTest::test_unknown_malformed_or_path_like_versions_cannot_select_retained_metadata#4	74711080	78118912	1690
Tests\Unit\ContractRenderProfileRegistryTest::test_unknown_malformed_or_path_like_versions_cannot_select_retained_metadata#5	74709744	78118912	1690
Tests\Unit\ContractRenderProfileRegistryTest::test_unknown_malformed_or_path_like_versions_cannot_select_retained_metadata#6	74708344	78118912	1690
Tests\Unit\ContractRenderProfileRegistryTest::test_unknown_malformed_or_path_like_versions_cannot_select_retained_metadata#7	74707040	78118912	1690
Tests\Unit\ContractRenderProfileRegistryTest::test_known_version_cannot_borrow_successor_policy_assets_or_relaxed_parameters#0	74704136	78118912	1690
Tests\Unit\ContractRenderProfileRegistryTest::test_known_version_cannot_borrow_successor_policy_assets_or_relaxed_parameters#1	74702800	78118912	1690
Tests\Unit\ContractRenderProfileRegistryTest::test_known_version_cannot_borrow_successor_policy_assets_or_relaxed_parameters#2	74701368	78118912	1690
Tests\Unit\ContractRenderProfileRegistryTest::test_known_version_cannot_borrow_successor_policy_assets_or_relaxed_parameters#3	74699976	78118912	1690
Tests\Unit\ContractRenderProfileRegistryTest::test_known_version_cannot_borrow_successor_policy_assets_or_relaxed_parameters#4	74698664	78118912	1690
Tests\Unit\ContractRenderProfileRegistryTest::test_a_present_unregistered_manifest_is_not_discovered_or_trusted	74696520	78118912	1690
Tests\Unit\ContractRenderProfileRegistryTest::test_unknown_policy_version_is_rejected_even_when_its_other_values_copy_v1	74696000	78118912	1690
Tests\Unit\ContractRenderProfileRegistryTest::test_retained_metadata_remains_valid_when_render_runtime_is_absent	74695480	78118912	1690
Tests\Unit\FileUploadPathGuardTest::test_every_file_upload_field_refuses_stored_paths	74696376	86507520	1690
Tests\Unit\FileUploadPathGuardTest::test_no_application_code_turns_the_guard_off_or_widens_it	74697072	86507520	1690
Tests\Unit\FileUploadPathGuardTest::test_the_scan_reads_each_fields_own_method_chain	74696456	86507520	1690
Tests\Unit\MediaEvidenceValuesTest::test_measured_floats_are_lossless_canonical_and_distinct_from_lookalike_json_values	74704832	86507520	1691
Tests\Unit\MediaEvidenceValuesTest::test_compact_references_bind_exact_types_and_the_smallest_representable_measurement_changes	74704312	86507520	1691
Tests\Unit\MediaEvidenceValuesTest::test_full_supported_stems_manifest_has_a_bounded_reference_without_losing_any_member_binding	74703792	86507520	1691
Tests\Unit\MediaEvidenceValuesTest::test_nonfinite_values_are_not_silently_rewritten	74703176	86507520	1691
Tests\Unit\MinorUnitsTest::test_fraction_is_exact_even_when_naive_multiplication_overflows#0	74703688	86507520	1691
Tests\Unit\MinorUnitsTest::test_fraction_is_exact_even_when_naive_multiplication_overflows#1	74702344	86507520	1691
Tests\Unit\MinorUnitsTest::test_fraction_is_exact_even_when_naive_multiplication_overflows#2	74700984	86507520	1691
Tests\Unit\MinorUnitsTest::test_fraction_is_exact_even_when_naive_multiplication_overflows#3	74699624	86507520	1691
Tests\Unit\MinorUnitsTest::test_fraction_is_exact_even_when_naive_multiplication_overflows#4	74698288	86507520	1691
Tests\Unit\MinorUnitsTest::test_fraction_is_exact_even_when_naive_multiplication_overflows#5	74696968	86507520	1691
Tests\Unit\MinorUnitsTest::test_fraction_is_exact_even_when_naive_multiplication_overflows#6	74695640	86507520	1691
Tests\Unit\MinorUnitsTest::test_fraction_is_exact_even_when_naive_multiplication_overflows#7	74694280	86507520	1691
Tests\Unit\MinorUnitsTest::test_amount_never_coerces_or_truncates#0	74691160	86507520	1691
Tests\Unit\MinorUnitsTest::test_amount_never_coerces_or_truncates#1	74689808	86507520	1691
Tests\Unit\MinorUnitsTest::test_amount_never_coerces_or_truncates#2	74688408	86507520	1691
Tests\Unit\MinorUnitsTest::test_amount_never_coerces_or_truncates#3	74687032	86507520	1691
Tests\Unit\MinorUnitsTest::test_amount_never_coerces_or_truncates#4	74685656	86507520	1691
Tests\Unit\MinorUnitsTest::test_amount_never_coerces_or_truncates#5	74684248	86507520	1691
Tests\Unit\MinorUnitsTest::test_amount_never_coerces_or_truncates#6	74686968	86507520	1691
Tests\Unit\MinorUnitsTest::test_amount_never_coerces_or_truncates#7	74685624	86507520	1691
Tests\Unit\MinorUnitsTest::test_sum_checks_the_bound_before_adding	74683576	86507520	1691
Tests\Unit\MinorUnitsTest::test_rate_is_explicit_integer_basis_points#0	74682352	86507520	1691
Tests\Unit\MinorUnitsTest::test_rate_is_explicit_integer_basis_points#1	74680960	86507520	1691
Tests\Unit\MinorUnitsTest::test_rate_is_explicit_integer_basis_points#2	74679568	86507520	1691
Tests\Unit\MinorUnitsTest::test_rate_is_explicit_integer_basis_points#3	74678176	86507520	1691
Tests\Unit\MinorUnitsTest::test_rate_is_explicit_integer_basis_points#4	74676752	86507520	1691
Tests\Unit\MysqlConnectionTimezoneTest::test_mysql_connection_pins_the_session_to_utc	110919912	114294784	2264
Tests\Unit\MysqlConnectionTimezoneTest::test_native_session_is_utc_and_a_local_dst_gap_instant_round_trips_byte_identical	111644440	116391936	2276
Tests\Unit\OfferDraftBrowserEvidenceTest::test_actual_read_only_helper_proves_price_audits_and_rejects_unrelated_private_changes	111638392	116391936	2276
Tests\Unit\OfferDraftBrowserEvidenceTest::test_unsafe_selection_configuration_and_symlinks_refuse_without_effects_or_private_diagnostics	111637936	116391936	2276
Tests\Unit\PhpCliBinaryTest::test_cli_sapi_returns_the_running_binary_without_configuration_or_probe	111664120	116391936	2277
Tests\Unit\PhpCliBinaryTest::test_configured_same_version_cli_binary_is_returned_canonically_under_fpm	111672384	116391936	2278
Tests\Unit\PhpCliBinaryTest::test_successful_validation_is_cached_per_process_and_failures_are_not	111674080	116391936	2279
Tests\Unit\PhpCliBinaryTest::test_unset_or_blank_configuration_outside_cli_is_refused_without_falling_back	111673560	116391936	2279
Tests\Unit\PhpCliBinaryTest::test_relative_missing_or_non_regular_paths_are_refused	111672944	116391936	2279
Tests\Unit\PhpCliBinaryTest::test_non_executable_file_is_refused_before_it_is_run	111672328	116391936	2279
Tests\Unit\PhpCliBinaryTest::test_binary_or_symlink_reporting_another_version_is_refused	111671744	116391936	2279
Tests\Unit\PhpCliBinaryTest::test_binary_reporting_a_non_cli_sapi_is_refused	111671128	116391936	2279
Tests\Unit\PhpCliBinaryTest::test_a_cli_binary_of_another_build_is_refused	111670512	116391936	2279
Tests\Unit\PhpCliBinaryTest::test_oversized_probe_output_is_refused_without_being_kept	111669896	116391936	2279
Tests\Unit\PhpCliBinaryTest::test_cli_detection_follows_the_sapi	111669248	116391936	2279
Tests\Unit\PhpCliBinaryTest::test_the_built_in_server_runs_its_own_cli_binary_without_configuration	111668664	116391936	2279
Tests\Unit\PhpCliBinaryTest::test_the_probe_runs_with_the_renderers_sibling_library_path	111668208	116391936	2279
Tests\Unit\PhpCliBinaryTest::test_failing_or_malformed_probes_are_refused	111667592	116391936	2279
Tests\Unit\ProductionCheckoutConfigTest::test_review_lifetime_from_environment_is_admitted_only_as_an_exact_integer#unset stays null	111738920	116391936	2279
Tests\Unit\ProductionCheckoutConfigTest::test_review_lifetime_from_environment_is_admitted_only_as_an_exact_integer#numeric string becomes int	111738000	116391936	2279
Tests\Unit\ProductionCheckoutConfigTest::test_review_lifetime_from_environment_is_admitted_only_as_an_exact_integer#float string is not coerced	111737064	116391936	2279
Tests\Unit\ProductionCheckoutConfigTest::test_review_lifetime_from_environment_is_admitted_only_as_an_exact_integer#text is not coerced	111736128	116391936	2279
Tests\Unit\ProductionCheckoutConfigTest::test_review_lifetime_from_environment_is_admitted_only_as_an_exact_integer#leading plus is not coerced	111800840	116391936	2279
Tests\Unit\ProductionHostedEvidenceTest::test_retrieved_complete_session_and_successful_payment_match_exact_frozen_mapping	112108136	116391936	2289
Tests\Unit\ProductionHostedEvidenceTest::test_foreign_incomplete_or_disagreeing_evidence_cannot_confirm#0	112102424	116391936	2289
Tests\Unit\ProductionHostedEvidenceTest::test_foreign_incomplete_or_disagreeing_evidence_cannot_confirm#1	112167008	116391936	2289
Tests\Unit\ProductionHostedEvidenceTest::test_foreign_incomplete_or_disagreeing_evidence_cannot_confirm#2	112166040	116391936	2289
Tests\Unit\ProductionHostedEvidenceTest::test_foreign_incomplete_or_disagreeing_evidence_cannot_confirm#3	112165088	116391936	2289
Tests\Unit\ProductionHostedEvidenceTest::test_foreign_incomplete_or_disagreeing_evidence_cannot_confirm#4	112164104	116391936	2289
Tests\Unit\ProductionHostedEvidenceTest::test_foreign_incomplete_or_disagreeing_evidence_cannot_confirm#5	112228664	116391936	2289
Tests\Unit\ProductionHostedEvidenceTest::test_foreign_incomplete_or_disagreeing_evidence_cannot_confirm#6	112228008	116391936	2289
Tests\Unit\ProductionHostedEvidenceTest::test_foreign_incomplete_or_disagreeing_evidence_cannot_confirm#7	112227056	116391936	2289
Tests\Unit\ProductionHostedEvidenceTest::test_foreign_incomplete_or_disagreeing_evidence_cannot_confirm#8	112226088	116391936	2289
Tests\Unit\ProductionHostedEvidenceTest::test_foreign_incomplete_or_disagreeing_evidence_cannot_confirm#9	112290656	116391936	2289
Tests\Unit\ProductionHostedEvidenceTest::test_foreign_incomplete_or_disagreeing_evidence_cannot_confirm#10	112289688	116391936	2289
Tests\Unit\ProductionHostedEvidenceTest::test_foreign_incomplete_or_disagreeing_evidence_cannot_confirm#11	112288720	116391936	2289
Tests\Unit\ProductionHostedEvidenceTest::test_foreign_incomplete_or_disagreeing_evidence_cannot_confirm#12	112287752	116391936	2289
Tests\Unit\ProductionHostedEvidenceTest::test_foreign_incomplete_or_disagreeing_evidence_cannot_confirm#13	112286784	116391936	2289
Tests\Unit\ProductionHostedEvidenceTest::test_foreign_incomplete_or_disagreeing_evidence_cannot_confirm#14	112351352	116391936	2289
Tests\Unit\ProductionHostedEvidenceTest::test_foreign_incomplete_or_disagreeing_evidence_cannot_confirm#15	112350384	116391936	2289
Tests\Unit\ProductionHostedEvidenceTest::test_foreign_incomplete_or_disagreeing_evidence_cannot_confirm#16	112349416	116391936	2289
Tests\Unit\ProductionHostedEvidenceTest::test_foreign_incomplete_or_disagreeing_evidence_cannot_confirm#17	112348448	116391936	2289
Tests\Unit\ProductionHostedEvidenceTest::test_foreign_incomplete_or_disagreeing_evidence_cannot_confirm#18	112413016	116391936	2289
Tests\Unit\ProductionHostedEvidenceTest::test_foreign_incomplete_or_disagreeing_evidence_cannot_confirm#19	112412048	116391936	2289
Tests\Unit\ProductionHostedEvidenceTest::test_foreign_incomplete_or_disagreeing_evidence_cannot_confirm#20	112411080	116391936	2289
Tests\Unit\ProductionHostedEvidenceTest::test_foreign_incomplete_or_disagreeing_evidence_cannot_confirm#21	112410112	116391936	2289
Tests\Unit\ProductionHostedEvidenceTest::test_foreign_incomplete_or_disagreeing_evidence_cannot_confirm#22	112409784	116391936	2289
Tests\Unit\ProductionHostedEvidenceTest::test_foreign_incomplete_or_disagreeing_evidence_cannot_confirm#23	112474352	116391936	2289
Tests\Unit\ProductionHostedEvidenceTest::test_foreign_incomplete_or_disagreeing_evidence_cannot_confirm#24	112473384	116391936	2289
Tests\Unit\ProductionHostedEvidenceTest::test_foreign_incomplete_or_disagreeing_evidence_cannot_confirm#25	112472432	116391936	2289
Tests\Unit\ProductionHostedEvidenceTest::test_foreign_incomplete_or_disagreeing_evidence_cannot_confirm#26	112471464	116391936	2289
Tests\Unit\ProductionHostedEvidenceTest::test_foreign_incomplete_or_disagreeing_evidence_cannot_confirm#27	112536032	116391936	2289
Tests\Unit\ProductionHostedEvidenceTest::test_foreign_incomplete_or_disagreeing_evidence_cannot_confirm#28	112535064	116391936	2289
Tests\Unit\ProductionHostedEvidenceTest::test_foreign_incomplete_or_disagreeing_evidence_cannot_confirm#29	112534080	116391936	2289
Tests\Unit\ProductionHostedEvidenceTest::test_foreign_incomplete_or_disagreeing_evidence_cannot_confirm#30	112533128	116391936	2289
Tests\Unit\ProductionHostedEvidenceTest::test_foreign_incomplete_or_disagreeing_evidence_cannot_confirm#31	112532160	116391936	2289
Tests\Unit\ProductionHostedEvidenceTest::test_foreign_incomplete_or_disagreeing_evidence_cannot_confirm#32	112596728	118489088	2289
Tests\Unit\ProductionHostedEvidenceTest::test_foreign_incomplete_or_disagreeing_evidence_cannot_confirm#33	112595760	118489088	2289
Tests\Unit\ProductionHostedEvidenceTest::test_browser_or_session_paid_claim_without_payment_intent_is_not_confirmation	112591872	118489088	2289
Tests\Unit\PromotionPolicyTest::test_rejects_ambiguous_and_unsupported_policy_values#0	130283120	137363456	2775
Tests\Unit\PromotionPolicyTest::test_rejects_ambiguous_and_unsupported_policy_values#1	130302176	137363456	2775
Tests\Unit\PromotionPolicyTest::test_rejects_ambiguous_and_unsupported_policy_values#2	130301192	137363456	2775
Tests\Unit\PromotionPolicyTest::test_rejects_ambiguous_and_unsupported_policy_values#3	130365760	137363456	2775
Tests\Unit\PromotionPolicyTest::test_rejects_ambiguous_and_unsupported_policy_values#4	130364776	137363456	2775
Tests\Unit\PromotionPolicyTest::test_rejects_ambiguous_and_unsupported_policy_values#5	130363800	137363456	2775
Tests\Unit\PromotionPolicyTest::test_rejects_ambiguous_and_unsupported_policy_values#6	130362840	137363456	2775
Tests\Unit\PromotionPolicyTest::test_rejects_ambiguous_and_unsupported_policy_values#7	130361848	137363456	2775
Tests\Unit\PromotionPolicyTest::test_rejects_ambiguous_and_unsupported_policy_values#8	130426408	137363456	2775
Tests\Unit\PromotionPolicyTest::test_rejects_ambiguous_and_unsupported_policy_values#9	130425448	137363456	2775
Tests\Unit\PromotionPolicyTest::test_rejects_ambiguous_and_unsupported_policy_values#10	130424504	137363456	2775
Tests\Unit\PromotionPolicyTest::test_rejects_ambiguous_and_unsupported_policy_values#11	130423496	137363456	2775
Tests\Unit\PromotionPolicyTest::test_rejects_ambiguous_and_unsupported_policy_values#12	130488056	137363456	2775
Tests\Unit\PromotionPolicyTest::test_rejects_ambiguous_and_unsupported_policy_values#13	130487080	137363456	2775
Tests\Unit\PromotionPolicyTest::test_rejects_ambiguous_and_unsupported_policy_values#14	130486104	137363456	2775
Tests\Unit\PromotionPolicyTest::test_rejects_ambiguous_and_unsupported_policy_values#15	130486280	137363456	2775
Tests\Unit\PromotionPolicyTest::test_rejects_ambiguous_and_unsupported_policy_values#16	130549744	137363456	2775
Tests\Unit\PromotionPolicyTest::test_rejects_ambiguous_and_unsupported_policy_values#17	130548728	137363456	2775
Tests\Unit\PromotionPolicyTest::test_rejects_ambiguous_and_unsupported_policy_values#18	130547792	137363456	2775
Tests\Unit\PromotionPolicyTest::test_rejects_ambiguous_and_unsupported_policy_values#19	130548096	137363456	2775
Tests\Unit\PromotionPolicyTest::test_rejects_ambiguous_and_unsupported_policy_values#20	130547120	137363456	2775
Tests\Unit\PromotionPolicyTest::test_rejects_ambiguous_and_unsupported_policy_values#21	130611680	137363456	2775
Tests\Unit\PromotionPolicyTest::test_rejects_ambiguous_and_unsupported_policy_values#22	130610704	137363456	2775
Tests\Unit\PromotionPolicyTest::test_rejects_ambiguous_and_unsupported_policy_values#23	130609688	137363456	2775
Tests\Unit\PromotionPolicyTest::test_rejects_ambiguous_and_unsupported_policy_values#24	130608728	137363456	2775
Tests\Unit\PromotionPolicyTest::test_rejects_ambiguous_and_unsupported_policy_values#25	130673312	137363456	2775
Tests\Unit\PromotionPolicyTest::test_rejects_ambiguous_and_unsupported_policy_values#26	130672312	137363456	2775
Tests\Unit\PromotionPolicyTest::test_rejects_ambiguous_and_unsupported_policy_values#27	130671336	137363456	2775
Tests\Unit\PromotionPolicyTest::test_rejects_ambiguous_and_unsupported_policy_values#28	130670328	137363456	2775
Tests\Unit\PromotionPolicyTest::test_percentage_caps_exact_eligibility_and_rounding	130673336	137363456	2775
Tests\Unit\PromotionPolicyTest::test_no_eligible_lines_threshold_excess_and_rounded_zero_fail	130742264	137363456	2776
Tests\Unit\PromotionPolicyTest::test_configuration_requires_unambiguous_test_scope_and_half_open_dates	131019648	137363456	2780
Tests\Unit\ScopedLicenseTermsTest::test_incomplete_unsupported_or_contradictory_scope_is_rejected#0	131347288	137363456	2792
Tests\Unit\ScopedLicenseTermsTest::test_incomplete_unsupported_or_contradictory_scope_is_rejected#1	131395704	137363456	2793
Tests\Unit\ScopedLicenseTermsTest::test_incomplete_unsupported_or_contradictory_scope_is_rejected#2	131419512	137363456	2794
Tests\Unit\ScopedLicenseTermsTest::test_incomplete_unsupported_or_contradictory_scope_is_rejected#3	131484120	137363456	2794
Tests\Unit\ScopedLicenseTermsTest::test_incomplete_unsupported_or_contradictory_scope_is_rejected#4	131521352	137363456	2795
Tests\Unit\ScopedLicenseTermsTest::test_incomplete_unsupported_or_contradictory_scope_is_rejected#5	131520416	137363456	2795
Tests\Unit\ScopedLicenseTermsTest::test_incomplete_unsupported_or_contradictory_scope_is_rejected#6	131519448	137363456	2795
Tests\Unit\ScopedLicenseTermsTest::test_incomplete_unsupported_or_contradictory_scope_is_rejected#7	131615784	137363456	2796
Tests\Unit\ScopedLicenseTermsTest::test_incomplete_unsupported_or_contradictory_scope_is_rejected#8	131614800	137363456	2796
Tests\Unit\ScopedLicenseTermsTest::test_incomplete_unsupported_or_contradictory_scope_is_rejected#9	131613848	137363456	2796
Tests\Unit\ScopedLicenseTermsTest::test_incomplete_unsupported_or_contradictory_scope_is_rejected#10	131612864	137363456	2796
Tests\Unit\ScopedLicenseTermsTest::test_incomplete_unsupported_or_contradictory_scope_is_rejected#11	131677432	137363456	2796
Tests\Unit\ScopedLicenseTermsTest::test_incomplete_unsupported_or_contradictory_scope_is_rejected#12	131676480	137363456	2796
Tests\Unit\ScopedLicenseTermsTest::test_incomplete_unsupported_or_contradictory_scope_is_rejected#13	131675496	137363456	2796
Tests\Unit\ScopedLicenseTermsTest::test_incomplete_unsupported_or_contradictory_scope_is_rejected#14	131674528	137363456	2796
Tests\Unit\ScopedLicenseTermsTest::test_incomplete_unsupported_or_contradictory_scope_is_rejected#15	131673576	137363456	2796
Tests\Unit\ScopedLicenseTermsTest::test_incomplete_unsupported_or_contradictory_scope_is_rejected#16	131738128	139460608	2796
Tests\Unit\ScopedLicenseTermsTest::test_incomplete_unsupported_or_contradictory_scope_is_rejected#17	131737336	139460608	2796
Tests\Unit\ScopedLicenseTermsTest::test_incomplete_unsupported_or_contradictory_scope_is_rejected#18	131727728	139460608	2796
Tests\Unit\ScopedLicenseTermsTest::test_incomplete_unsupported_or_contradictory_scope_is_rejected#19	131726760	139460608	2796
Tests\Unit\ScopedLicenseTermsTest::test_incomplete_unsupported_or_contradictory_scope_is_rejected#20	131791288	139460608	2796
Tests\Unit\ScopedLicenseTermsTest::test_incomplete_unsupported_or_contradictory_scope_is_rejected#21	131790360	139460608	2796
Tests\Unit\ScopedLicenseTermsTest::test_incomplete_unsupported_or_contradictory_scope_is_rejected#22	131789408	139460608	2796
Tests\Unit\ScopedLicenseTermsTest::test_incomplete_unsupported_or_contradictory_scope_is_rejected#23	131788424	139460608	2796
Tests\Unit\ScopedLicenseTermsTest::test_incomplete_unsupported_or_contradictory_scope_is_rejected#24	131787456	139460608	2796
Tests\Unit\ScopedLicenseTermsTest::test_incomplete_unsupported_or_contradictory_scope_is_rejected#25	131852000	139460608	2796
Tests\Unit\ScopedLicenseTermsTest::test_incomplete_unsupported_or_contradictory_scope_is_rejected#26	131851032	139460608	2796
Tests\Unit\ScopedLicenseTermsTest::test_incomplete_unsupported_or_contradictory_scope_is_rejected#27	131850064	139460608	2796
Tests\Unit\ScopedLicenseTermsTest::test_incomplete_unsupported_or_contradictory_scope_is_rejected#28	131849112	139460608	2796
Tests\Unit\ScopedLicenseTermsTest::test_incomplete_unsupported_or_contradictory_scope_is_rejected#29	131921856	139460608	2796
Tests\Unit\ScopedLicenseTermsTest::test_incomplete_unsupported_or_contradictory_scope_is_rejected#30	131920888	139460608	2796
Tests\Unit\ScopedLicenseTermsTest::test_incomplete_unsupported_or_contradictory_scope_is_rejected#31	131919920	139460608	2796
Tests\Unit\ScopedLicenseTermsTest::test_incomplete_unsupported_or_contradictory_scope_is_rejected#32	131918976	139460608	2796
Tests\Unit\ScopedLicenseTermsTest::test_incomplete_unsupported_or_contradictory_scope_is_rejected#33	131983544	139460608	2796
Tests\Unit\ScopedLicenseTermsTest::test_incomplete_unsupported_or_contradictory_scope_is_rejected#34	131982576	139460608	2796
Tests\Unit\ScopedLicenseTermsTest::test_incomplete_unsupported_or_contradictory_scope_is_rejected#35	131981624	139460608	2796
Tests\Unit\ScopedLicenseTermsTest::test_scope_values_are_exact_stable_and_shared_without_reordering_the_stored_terms	131987704	139460608	2797
Tests\Unit\ScopedLicenseTermsTest::test_new_variables_are_required_only_in_the_new_schema	132069032	139460608	2798
Tests\Unit\ServiceProjectInputTest::test_quote_requires_only_explicit_exact_bounded_authored_terms#float total	132132176	139460608	2800
Tests\Unit\ServiceProjectInputTest::test_quote_requires_only_explicit_exact_bounded_authored_terms#implicit deposit	132131208	139460608	2800
Tests\Unit\ServiceProjectInputTest::test_quote_requires_only_explicit_exact_bounded_authored_terms#excess deposit	132130240	139460608	2800
Tests\Unit\ServiceProjectInputTest::test_quote_requires_only_explicit_exact_bounded_authored_terms#negative total	132129264	139460608	2800
Tests\Unit\ServiceProjectInputTest::test_quote_requires_only_explicit_exact_bounded_authored_terms#numeric string	132193840	139460608	2800
Tests\Unit\ServiceProjectInputTest::test_quote_requires_only_explicit_exact_bounded_authored_terms#implicit currency	132192864	139460608	2800
Tests\Unit\ServiceProjectInputTest::test_quote_requires_only_explicit_exact_bounded_authored_terms#lowercase currency	132191896	139460608	2800
Tests\Unit\ServiceProjectInputTest::test_quote_requires_only_explicit_exact_bounded_authored_terms#excess revisions	132190936	139460608	2800
Tests\Unit\ServiceProjectInputTest::test_quote_requires_only_explicit_exact_bounded_authored_terms#missing scope	132255480	139460608	2800
Tests\Unit\ServiceProjectInputTest::test_quote_requires_only_explicit_exact_bounded_authored_terms#unsupported paid authority	132254528	139460608	2800
Tests\Unit\ServiceProjectInputTest::test_quote_requires_only_explicit_exact_bounded_authored_terms#missing milestones	132253592	139460608	2800
Tests\Unit\ServiceProjectInputTest::test_quote_requires_only_explicit_exact_bounded_authored_terms#duplicate milestone	132252768	139460608	2800
Tests\Unit\ServiceProjectInputTest::test_staff_and_customer_commands_cannot_borrow_one_anothers_authority	132790912	139460608	2828
Tests\Unit\StripeCheckoutGatewayTest::test_create_uses_own_account_official_host_pinned_version_and_exact_key_without_retries	136551320	141557760	3005
Tests\Unit\StripeCheckoutGatewayTest::test_account_reads_the_credential_owner_and_returns_only_identity	136551168	141557760	3005
Tests\Unit\StripeCheckoutGatewayTest::test_retrieve_expands_items_and_never_uses_a_creation_key	136616488	141557760	3005
Tests\Unit\StripeCheckoutGatewayTest::test_partial_expansion_uses_one_bounded_complete_list#0	136615920	141557760	3005
Tests\Unit\StripeCheckoutGatewayTest::test_partial_expansion_uses_one_bounded_complete_list#1	136614976	141557760	3005
Tests\Unit\StripeCheckoutGatewayTest::test_more_than_one_page_fails_without_an_unbounded_pagination_loop	136613408	141557760	3005
Tests\Unit\StripeCheckoutGatewayTest::test_invalid_or_live_configuration_never_reaches_the_transport#0	136612104	141557760	3005
Tests\Unit\StripeCheckoutGatewayTest::test_invalid_or_live_configuration_never_reaches_the_transport#1	136676672	141557760	3005
Tests\Unit\StripeCheckoutGatewayTest::test_invalid_or_live_configuration_never_reaches_the_transport#2	136675720	141557760	3005
Tests\Unit\StripeCheckoutGatewayTest::test_invalid_or_live_configuration_never_reaches_the_transport#3	136674776	141557760	3005
Tests\Unit\StripeCheckoutGatewayTest::test_invalid_or_live_configuration_never_reaches_the_transport#4	136673784	141557760	3005
Tests\Unit\StripeCheckoutGatewayTest::test_invalid_or_live_configuration_never_reaches_the_transport#5	136738408	141557760	3005
Tests\Unit\StripeCheckoutGatewayTest::test_invalid_or_live_configuration_never_reaches_the_transport#6	136737440	141557760	3005
Tests\Unit\StripeCheckoutGatewayTest::test_invalid_or_live_configuration_never_reaches_the_transport#7	136736456	141557760	3005
Tests\Unit\StripeCheckoutGatewayTest::test_non_development_environments_never_reach_the_transport#0	136734368	141557760	3005
Tests\Unit\StripeCheckoutGatewayTest::test_non_development_environments_never_reach_the_transport#1	136733400	141557760	3005
Tests\Unit\StripeCheckoutGatewayTest::test_global_connect_account_or_disabled_tls_verification_fails_before_io	136797336	143654912	3005
Tests\Unit\StripeCheckoutGatewayTest::test_a_transaction_on_any_open_connection_blocks_all_provider_io	137687424	143654912	3012
Tests\Unit\StripeCheckoutGatewayTest::test_account_mismatch_prevents_a_session_request#0	137680584	143654912	3012
Tests\Unit\StripeCheckoutGatewayTest::test_account_mismatch_prevents_a_session_request#1	137679608	143654912	3012
Tests\Unit\StripeCheckoutGatewayTest::test_wrong_session_identity_mode_or_incomplete_items_fail_closed#0	137676456	143654912	3012
Tests\Unit\StripeCheckoutGatewayTest::test_wrong_session_identity_mode_or_incomplete_items_fail_closed#1	137741040	143654912	3012
Tests\Unit\StripeCheckoutGatewayTest::test_wrong_session_identity_mode_or_incomplete_items_fail_closed#2	137740040	143654912	3012
Tests\Unit\StripeCheckoutGatewayTest::test_wrong_session_identity_mode_or_incomplete_items_fail_closed#3	137739072	143654912	3012
Tests\Unit\StripeCheckoutGatewayTest::test_wrong_session_identity_mode_or_incomplete_items_fail_closed#4	137738144	143654912	3012
Tests\Unit\StripeCheckoutGatewayTest::test_wrong_session_identity_mode_or_incomplete_items_fail_closed#5	137802688	143654912	3012
Tests\Unit\StripeCheckoutGatewayTest::test_wrong_session_identity_mode_or_incomplete_items_fail_closed#6	137801720	143654912	3012
Tests\Unit\StripeCheckoutGatewayTest::test_wrong_session_identity_mode_or_incomplete_items_fail_closed#7	137800752	143654912	3012
Tests\Unit\StripeCheckoutGatewayTest::test_wrong_session_identity_mode_or_incomplete_items_fail_closed#8	137799824	143654912	3012
Tests\Unit\StripeCheckoutGatewayTest::test_invalid_ids_keys_and_connect_routing_are_rejected_without_io	137797776	143654912	3012
Tests\Unit\StripeCheckoutGatewayTest::test_provider_failure_is_sanitized_and_the_previous_transport_is_restored	137882120	143654912	3014
Tests\Unit\StripeCheckoutGatewayTest::test_sdk_http_errors_do_not_retain_provider_messages_or_payloads	137930744	143654912	3016
Tests\Unit\StripeFinancialInspectionGatewayTest::test_get_only_adapter_binds_account_and_payment_and_requests_complete_bounded_lists	138202456	143654912	3024
Tests\Unit\StripeFinancialInspectionGatewayTest::test_adapter_guards_and_errors_are_closed_and_redacted#0	138200760	143654912	3024
Tests\Unit\StripeFinancialInspectionGatewayTest::test_adapter_guards_and_errors_are_closed_and_redacted#1	138199792	143654912	3024
Tests\Unit\StripeFinancialInspectionGatewayTest::test_adapter_guards_and_errors_are_closed_and_redacted#2	138264344	143654912	3024
Tests\Unit\StripeFinancialInspectionGatewayTest::test_adapter_guards_and_errors_are_closed_and_redacted#3	138263392	143654912	3024
Tests\Unit\StripeFinancialInspectionGatewayTest::test_adapter_guards_and_errors_are_closed_and_redacted#4	138262408	143654912	3024
Tests\Unit\StripeFinancialInspectionGatewayTest::test_adapter_guards_and_errors_are_closed_and_redacted#5	138261456	143654912	3024
Tests\Unit\StripeFinancialInspectionGatewayTest::test_adapter_guards_and_errors_are_closed_and_redacted#6	138269160	143654912	3024
Tests\Unit\StripeFinancialInspectionGatewayTest::test_adapter_guards_and_errors_are_closed_and_redacted#7	138325056	143654912	3024
Tests\Unit\StripeFinancialInspectionGatewayTest::test_adapter_guards_and_errors_are_closed_and_redacted#8	138324096	143654912	3024
Tests\Unit\StripeFinancialInspectionGatewayTest::test_foreign_partial_inconsistent_or_unsupported_evidence_never_becomes_observed#0	138368480	143654912	3026
Tests\Unit\StripeFinancialInspectionGatewayTest::test_foreign_partial_inconsistent_or_unsupported_evidence_never_becomes_observed#1	138367304	143654912	3026
Tests\Unit\StripeFinancialInspectionGatewayTest::test_foreign_partial_inconsistent_or_unsupported_evidence_never_becomes_observed#2	138431664	143654912	3026
Tests\Unit\StripeFinancialInspectionGatewayTest::test_foreign_partial_inconsistent_or_unsupported_evidence_never_becomes_observed#3	138430464	143654912	3026
Tests\Unit\StripeFinancialInspectionGatewayTest::test_foreign_partial_inconsistent_or_unsupported_evidence_never_becomes_observed#4	138429296	143654912	3026
Tests\Unit\StripeFinancialInspectionGatewayTest::test_foreign_partial_inconsistent_or_unsupported_evidence_never_becomes_observed#5	138428096	143654912	3026
Tests\Unit\StripeFinancialInspectionGatewayTest::test_foreign_partial_inconsistent_or_unsupported_evidence_never_becomes_observed#6	138492456	143654912	3026
Tests\Unit\StripeFinancialInspectionGatewayTest::test_foreign_partial_inconsistent_or_unsupported_evidence_never_becomes_observed#7	138491264	143654912	3026
Tests\Unit\StripeFinancialInspectionGatewayTest::test_foreign_partial_inconsistent_or_unsupported_evidence_never_becomes_observed#8	138490080	143654912	3026
Tests\Unit\StripeFinancialInspectionGatewayTest::test_foreign_partial_inconsistent_or_unsupported_evidence_never_becomes_observed#9	138488912	143654912	3026
Tests\Unit\StripeFinancialInspectionGatewayTest::test_foreign_partial_inconsistent_or_unsupported_evidence_never_becomes_observed#10	138553264	143654912	3026
Tests\Unit\StripeFinancialInspectionGatewayTest::test_foreign_partial_inconsistent_or_unsupported_evidence_never_becomes_observed#11	138552080	143654912	3026
Tests\Unit\StripeFinancialInspectionGatewayTest::test_foreign_partial_inconsistent_or_unsupported_evidence_never_becomes_observed#12	138550896	143654912	3026
Tests\Unit\StripeFinancialInspectionGatewayTest::test_foreign_partial_inconsistent_or_unsupported_evidence_never_becomes_observed#13	138549712	143654912	3026
Tests\Unit\StripeFinancialInspectionGatewayTest::test_foreign_partial_inconsistent_or_unsupported_evidence_never_becomes_observed#14	138548512	143654912	3026
Tests\Unit\StripeFinancialInspectionGatewayTest::test_foreign_partial_inconsistent_or_unsupported_evidence_never_becomes_observed#15	138612880	143654912	3026
Tests\Unit\StripeFinancialInspectionGatewayTest::test_foreign_partial_inconsistent_or_unsupported_evidence_never_becomes_observed#16	138611680	143654912	3026
Tests\Unit\StripeFinancialInspectionGatewayTest::test_foreign_partial_inconsistent_or_unsupported_evidence_never_becomes_observed#17	138610512	143654912	3026
Tests\Unit\StripeFinancialInspectionGatewayTest::test_foreign_partial_inconsistent_or_unsupported_evidence_never_becomes_observed#18	138609312	143654912	3026
Tests\Unit\StripeFinancialInspectionGatewayTest::test_foreign_partial_inconsistent_or_unsupported_evidence_never_becomes_observed#19	138673680	143654912	3026
Tests\Unit\StripeFinancialInspectionGatewayTest::test_foreign_partial_inconsistent_or_unsupported_evidence_never_becomes_observed#20	138672480	143654912	3026
Tests\Unit\StripeFinancialInspectionGatewayTest::test_foreign_partial_inconsistent_or_unsupported_evidence_never_becomes_observed#21	138671296	143654912	3026
Tests\Unit\StripeFinancialInspectionGatewayTest::test_foreign_partial_inconsistent_or_unsupported_evidence_never_becomes_observed#22	138670128	143654912	3026
Tests\Unit\StripeFinancialInspectionGatewayTest::test_foreign_partial_inconsistent_or_unsupported_evidence_never_becomes_observed#23	138668928	143654912	3026
Tests\Unit\StripeFinancialInspectionGatewayTest::test_foreign_partial_inconsistent_or_unsupported_evidence_never_becomes_observed#24	138733296	143654912	3026
Tests\Unit\StripeFinancialInspectionGatewayTest::test_foreign_partial_inconsistent_or_unsupported_evidence_never_becomes_observed#25	138732112	143654912	3026
Tests\Unit\StripeFinancialInspectionGatewayTest::test_foreign_partial_inconsistent_or_unsupported_evidence_never_becomes_observed#26	138730912	143654912	3026
Tests\Unit\StripeFinancialInspectionGatewayTest::test_foreign_partial_inconsistent_or_unsupported_evidence_never_becomes_observed#27	138729744	143654912	3026
Tests\Unit\StripeFinancialInspectionGatewayTest::test_foreign_partial_inconsistent_or_unsupported_evidence_never_becomes_observed#28	138794096	143654912	3026
Tests\Unit\StripeFinancialInspectionGatewayTest::test_foreign_partial_inconsistent_or_unsupported_evidence_never_becomes_observed#29	138792912	143654912	3026
Tests\Unit\StripeFinancialInspectionGatewayTest::test_foreign_partial_inconsistent_or_unsupported_evidence_never_becomes_observed#30	138791728	143654912	3026
Tests\Unit\StripeFinancialInspectionGatewayTest::test_statuses_are_retained_as_facts_without_invented_financial_effects#0	138786696	143654912	3026
Tests\Unit\StripeFinancialInspectionGatewayTest::test_statuses_are_retained_as_facts_without_invented_financial_effects#1	138851304	143654912	3026
Tests\Unit\StripeFinancialInspectionGatewayTest::test_statuses_are_retained_as_facts_without_invented_financial_effects#2	138850328	143654912	3026
Tests\Unit\StripeFinancialInspectionGatewayTest::test_statuses_are_retained_as_facts_without_invented_financial_effects#3	138849376	143654912	3026
Tests\Unit\StripeFinancialInspectionGatewayTest::test_statuses_are_retained_as_facts_without_invented_financial_effects#4	138848424	143654912	3026
Tests\Unit\StripeFinancialInspectionGatewayTest::test_statuses_are_retained_as_facts_without_invented_financial_effects#5	138847512	143654912	3026
Tests\Unit\StripeFinancialInspectionGatewayTest::test_statuses_are_retained_as_facts_without_invented_financial_effects#6	138912080	145752064	3026
Tests\Unit\StripeFinancialInspectionGatewayTest::test_statuses_are_retained_as_facts_without_invented_financial_effects#7	138911128	145752064	3026
Tests\Unit\StripeFinancialInspectionGatewayTest::test_statuses_are_retained_as_facts_without_invented_financial_effects#8	138910176	145752064	3026
Tests\Unit\StripeFinancialInspectionGatewayTest::test_statuses_are_retained_as_facts_without_invented_financial_effects#9	138909216	145752064	3026
Tests\Unit\StripeFinancialInspectionGatewayTest::test_statuses_are_retained_as_facts_without_invented_financial_effects#10	138973776	145752064	3026
Tests\Unit\StripeFinancialInspectionGatewayTest::test_statuses_are_retained_as_facts_without_invented_financial_effects#11	138972824	145752064	3026
Tests\Unit\StripeFinancialInspectionGatewayTest::test_statuses_are_retained_as_facts_without_invented_financial_effects#12	138971880	145752064	3026
Tests\Unit\StripePaymentGatewayTest::test_both_interfaces_resolve_to_the_guarded_sdk_adapter	138989024	145752064	3026
Tests\Unit\StripePaymentGatewayTest::test_payment_retrieval_is_get_only_with_own_account_pinned_version_and_no_retries	139054440	145752064	3026
Tests\Unit\StripePaymentGatewayTest::test_malformed_payment_locators_never_reach_the_transport#0	139052600	145752064	3026
Tests\Unit\StripePaymentGatewayTest::test_malformed_payment_locators_never_reach_the_transport#1	139051632	145752064	3026
Tests\Unit\StripePaymentGatewayTest::test_malformed_payment_locators_never_reach_the_transport#2	139050680	145752064	3026
Tests\Unit\StripePaymentGatewayTest::test_malformed_payment_locators_never_reach_the_transport#3	139049728	145752064	3026
Tests\Unit\StripePaymentGatewayTest::test_malformed_payment_locators_never_reach_the_transport#4	139114296	145752064	3026
Tests\Unit\StripePaymentGatewayTest::test_malformed_payment_locators_never_reach_the_transport#5	139113352	145752064	3026
Tests\Unit\StripePaymentGatewayTest::test_malformed_payment_locators_never_reach_the_transport#6	139112360	145752064	3026
Tests\Unit\StripePaymentGatewayTest::test_malformed_payment_locators_never_reach_the_transport#7	139111392	145752064	3026
Tests\Unit\StripePaymentGatewayTest::test_malformed_payment_locators_never_reach_the_transport#8	139175984	145752064	3026
Tests\Unit\StripePaymentGatewayTest::test_malformed_payment_locators_never_reach_the_transport#9	139175024	145752064	3026
Tests\Unit\StripePaymentGatewayTest::test_malformed_payment_locators_never_reach_the_transport#10	139173992	145752064	3026
Tests\Unit\StripePaymentGatewayTest::test_malformed_payment_locators_never_reach_the_transport#11	139173120	145752064	3026
Tests\Unit\StripePaymentGatewayTest::test_bounded_payment_locator_is_preserved_exactly_in_the_get_path	139170520	145752064	3026
Tests\Unit\StripePaymentGatewayTest::test_unsafe_payment_configuration_never_reaches_the_transport#0	139234752	145752064	3026
Tests\Unit\StripePaymentGatewayTest::test_unsafe_payment_configuration_never_reaches_the_transport#1	139233784	145752064	3026
Tests\Unit\StripePaymentGatewayTest::test_unsafe_payment_configuration_never_reaches_the_transport#2	139232832	145752064	3026
Tests\Unit\StripePaymentGatewayTest::test_unsafe_payment_configuration_never_reaches_the_transport#3	139231888	145752064	3026
Tests\Unit\StripePaymentGatewayTest::test_unsafe_payment_configuration_never_reaches_the_transport#4	139296432	145752064	3026
Tests\Unit\StripePaymentGatewayTest::test_unsafe_payment_configuration_never_reaches_the_transport#5	139295520	145752064	3026
Tests\Unit\StripePaymentGatewayTest::test_unsafe_payment_configuration_never_reaches_the_transport#6	139294552	145752064	3026
Tests\Unit\StripePaymentGatewayTest::test_unsafe_payment_configuration_never_reaches_the_transport#7	139293568	145752064	3026
Tests\Unit\StripePaymentGatewayTest::test_payment_retrieval_is_unavailable_outside_local_or_testing#0	139357016	145752064	3026
Tests\Unit\StripePaymentGatewayTest::test_payment_retrieval_is_unavailable_outside_local_or_testing#1	139356048	145752064	3026
Tests\Unit\StripePaymentGatewayTest::test_payment_retrieval_rejects_global_connect_routing_and_disabled_tls	139354448	145752064	3026
Tests\Unit\StripePaymentGatewayTest::test_a_transaction_on_a_secondary_connection_prevents_payment_network_io	139363144	145752064	3026
Tests\Unit\StripePaymentGatewayTest::test_credential_owner_mismatch_stops_before_payment_retrieval#0	139353824	145752064	3026
Tests\Unit\StripePaymentGatewayTest::test_credential_owner_mismatch_stops_before_payment_retrieval#1	139418392	145752064	3026
Tests\Unit\StripePaymentGatewayTest::test_wrong_payment_identity_mode_or_connect_evidence_is_rejected#0	139414704	145752064	3026
Tests\Unit\StripePaymentGatewayTest::test_wrong_payment_identity_mode_or_connect_evidence_is_rejected#1	139413736	145752064	3026
Tests\Unit\StripePaymentGatewayTest::test_wrong_payment_identity_mode_or_connect_evidence_is_rejected#2	139412784	145752064	3026
Tests\Unit\StripePaymentGatewayTest::test_wrong_payment_identity_mode_or_connect_evidence_is_rejected#3	139477336	145752064	3026
Tests\Unit\StripePaymentGatewayTest::test_wrong_payment_identity_mode_or_connect_evidence_is_rejected#4	139476368	145752064	3026
Tests\Unit\StripePaymentGatewayTest::test_wrong_payment_identity_mode_or_connect_evidence_is_rejected#5	139475400	145752064	3026
Tests\Unit\StripePaymentGatewayTest::test_wrong_payment_identity_mode_or_connect_evidence_is_rejected#6	139474432	145752064	3026
Tests\Unit\StripePaymentGatewayTest::test_wrong_payment_identity_mode_or_connect_evidence_is_rejected#7	139473504	145752064	3026
Tests\Unit\StripePaymentGatewayTest::test_wrong_payment_identity_mode_or_connect_evidence_is_rejected#8	139538072	145752064	3026
Tests\Unit\StripePaymentGatewayTest::test_wrong_payment_identity_mode_or_connect_evidence_is_rejected#9	139537104	145752064	3026
Tests\Unit\StripePaymentGatewayTest::test_wrong_payment_identity_mode_or_connect_evidence_is_rejected#10	139536136	145752064	3026
Tests\Unit\StripePaymentGatewayTest::test_wrong_payment_identity_mode_or_connect_evidence_is_rejected#11	139535168	145752064	3026
Tests\Unit\StripePaymentGatewayTest::test_wrong_payment_identity_mode_or_connect_evidence_is_rejected#12	139599736	145752064	3026
Tests\Unit\StripePaymentGatewayTest::test_wrong_payment_identity_mode_or_connect_evidence_is_rejected#13	139602864	145752064	3026
Tests\Unit\StripePaymentGatewayTest::test_payment_transport_exception_is_sanitized_without_retaining_the_cause	139600864	145752064	3026
Tests\Unit\StripePaymentGatewayTest::test_payment_sdk_error_payload_is_sanitized_and_transport_is_restored	139600744	145752064	3026
Tests\Unit\TcpdfContractRendererTest::test_real_profile_reproduces_unicode_multpage_contract_and_all_integrity_metadata	149412520	164626432	3105
Tests\Unit\TcpdfContractRendererTest::test_profile_limits_and_provenance_cannot_be_relaxed_by_a_stored_request	149412000	164626432	3105
Tests\Unit\TcpdfContractRendererTest::test_missing_runtime_assets_do_not_destroy_historical_profile_metadata_validation	149411480	164626432	3105
Tests\Unit\TcpdfContractRendererTest::test_a_common_script_codepoint_absent_from_the_actual_font_fails_closed	149410960	164626432	3105
Tests\Unit\TestCommercePipelineRunnerTest::test_cursor_stages_follow_next_after_until_a_short_page	149599864	164626432	3110
Tests\Unit\TestCommercePipelineRunnerTest::test_every_stage_runs_in_order_and_only_the_five_read_or_local_commands_are_called	149599296	164626432	3110
Tests\Unit\TestCommercePipelineRunnerTest::test_receipts_repeat_while_pages_are_full	149598728	164626432	3110
Tests\Unit\TestCommercePipelineRunnerTest::test_page_bound_stops_a_sweep_and_reconcile_resumes_from_the_saved_cursor	149598848	164626432	3110
Tests\Unit\TestCommercePipelineRunnerTest::test_reconcile_runs_at_most_once_per_interval	149598216	164626432	3110
Tests\Unit\TestCommercePipelineRunnerTest::test_default_reconciliation_rechecks_pending_sessions_well_before_the_payment_window_ends	149597696	164626432	3110
Tests\Unit\TestCommercePipelineRunnerTest::test_page_bounded_retained_rows_do_not_starve_later_work_and_are_revisited#finalize retries	149596704	164626432	3110
Tests\Unit\TestCommercePipelineRunnerTest::test_page_bounded_retained_rows_do_not_starve_later_work_and_are_revisited#contract retries	149595336	164626432	3110
Tests\Unit\TestCommercePipelineRunnerTest::test_page_bounded_retained_rows_do_not_starve_later_work_and_are_revisited#activation blocked	149594032	164626432	3110
Tests\Unit\TestCommercePipelineRunnerTest::test_cursor_state_failures_fail_the_sweep_without_private_paths#finalize write	149590792	164626432	3110
Tests\Unit\TestCommercePipelineRunnerTest::test_cursor_state_failures_fail_the_sweep_without_private_paths#finalize clear	149589224	164626432	3110
Tests\Unit\TestCommercePipelineRunnerTest::test_cursor_state_failures_fail_the_sweep_without_private_paths#contracts write	149587656	164626432	3110
Tests\Unit\TestCommercePipelineRunnerTest::test_cursor_state_failures_fail_the_sweep_without_private_paths#contracts clear	149586088	164626432	3110
Tests\Unit\TestCommercePipelineRunnerTest::test_cursor_state_failures_fail_the_sweep_without_private_paths#activate write	149584552	164626432	3110
Tests\Unit\TestCommercePipelineRunnerTest::test_cursor_state_failures_fail_the_sweep_without_private_paths#activate clear	149582984	164626432	3110
Tests\Unit\TestCommercePipelineRunnerTest::test_reconcile_timestamp_failure_fails_the_sweep_without_private_paths	149580592	164626432	3110
Tests\Unit\TestCommercePipelineRunnerTest::test_a_failing_stage_fails_the_sweep_without_skipping_later_stages	149580072	164626432	3110
Tests\Unit\TestCommercePipelineRunnerTest::test_unrecognised_command_output_is_counted_but_never_logged	149579520	164626432	3110
Tests\Unit\TestCommercePipelineRunnerTest::test_a_concurrent_sweep_is_skipped_by_the_lock	149578904	164626432	3110
Tests\Unit\TestCommercePipelineRunnerTest::test_loop_mode_is_bounded_by_its_iteration_count	149578320	164626432	3110
Tests\Unit\TestCommercePipelineRunnerTest::test_invalid_settings_and_arguments_are_refused_before_any_command	149577800	164626432	3110
Tests\Unit\TestCommerceProfileValidatorTest::test_the_committed_template_has_a_valid_shape_with_synthetic_placeholders	149579240	164626432	3110
Tests\Unit\TestCommerceProfileValidatorTest::test_the_committed_template_is_refused_until_every_placeholder_is_replaced	149578720	164626432	3110
Tests\Unit\TestCommerceProfileValidatorTest::test_a_complete_synthetic_profile_passes_every_real_policy_without_printing_values	149578200	164626432	3110
Tests\Unit\TestCommerceProfileValidatorTest::test_a_staging_profile_passes_and_near_miss_environment_names_are_refused	149577680	164626432	3110
Tests\Unit\TestCommerceProfileValidatorTest::test_exported_safe_values_cannot_mask_an_unsafe_file_or_authorize_a_probe#environment	149575984	164626432	3110
Tests\Unit\TestCommerceProfileValidatorTest::test_exported_safe_values_cannot_mask_an_unsafe_file_or_authorize_a_probe#debug	149574600	164626432	3110
Tests\Unit\TestCommerceProfileValidatorTest::test_exported_safe_values_cannot_mask_an_unsafe_file_or_authorize_a_probe#account	149573328	164626432	3110
Tests\Unit\TestCommerceProfileValidatorTest::test_exported_safe_values_cannot_mask_an_unsafe_file_or_authorize_a_probe#secret key	149571992	164626432	3110
Tests\Unit\TestCommerceProfileValidatorTest::test_exported_safe_values_cannot_mask_an_unsafe_file_or_authorize_a_probe#origin	149570656	164626432	3110
Tests\Unit\TestCommerceProfileValidatorTest::test_exported_safe_values_cannot_mask_an_unsafe_file_or_authorize_a_probe#production boundary	149569256	164626432	3110
Tests\Unit\TestCommerceProfileValidatorTest::test_exported_safe_values_cannot_mask_an_unsafe_file_or_authorize_a_probe#guest ownership cookie	149567824	164626432	3110
Tests\Unit\TestCommerceProfileValidatorTest::test_the_profile_is_the_only_application_environment_source	149565600	164626432	3110
Tests\Unit\TestCommerceProfileValidatorTest::test_a_broken_profile_is_refused_with_the_responsible_check#production environment	149559712	164626432	3110
Tests\Unit\TestCommerceProfileValidatorTest::test_a_broken_profile_is_refused_with_the_responsible_check#testing environment on a host	149557400	164626432	3110
Tests\Unit\TestCommerceProfileValidatorTest::test_a_broken_profile_is_refused_with_the_responsible_check#debug on	149555040	164626432	3110
Tests\Unit\TestCommerceProfileValidatorTest::test_a_broken_profile_is_refused_with_the_responsible_check#app url differs from return origin	149552792	164626432	3110
Tests\Unit\TestCommerceProfileValidatorTest::test_a_broken_profile_is_refused_with_the_responsible_check#loopback http origin	149550384	164626432	3110
Tests\Unit\TestCommerceProfileValidatorTest::test_a_broken_profile_is_refused_with_the_responsible_check#sync queue	149548400	164626432	3110
Tests\Unit\TestCommerceProfileValidatorTest::test_a_broken_profile_is_refused_with_the_responsible_check#insecure session cookie	149546072	164626432	3110
Tests\Unit\TestCommerceProfileValidatorTest::test_a_broken_profile_is_refused_with_the_responsible_check#script-readable session cookie	149543776	164626432	3110
Tests\Unit\TestCommerceProfileValidatorTest::test_a_broken_profile_is_refused_with_the_responsible_check#quoted script-readable session cookie	149541448	164626432	3110
Tests\Unit\TestCommerceProfileValidatorTest::test_a_broken_profile_is_refused_with_the_responsible_check#live stripe mode	149539056	164626432	3110
Tests\Unit\TestCommerceProfileValidatorTest::test_a_broken_profile_is_refused_with_the_responsible_check#restricted key	149536728	164626432	3110
Tests\Unit\TestCommerceProfileValidatorTest::test_a_broken_profile_is_refused_with_the_responsible_check#live key anywhere	149534384	164626432	3110
Tests\Unit\TestCommerceProfileValidatorTest::test_a_broken_profile_is_refused_with_the_responsible_check#malformed webhook secret	149532056	164626432	3110
Tests\Unit\TestCommerceProfileValidatorTest::test_a_broken_profile_is_refused_with_the_responsible_check#webhook disabled	149529728	164626432	3110
Tests\Unit\TestCommerceProfileValidatorTest::test_a_broken_profile_is_refused_with_the_responsible_check#non-zero test tax	149527416	164626432	3110
Tests\Unit\TestCommerceProfileValidatorTest::test_a_broken_profile_is_refused_with_the_responsible_check#pricing for another account	149525104	164626432	3110
Tests\Unit\TestCommerceProfileValidatorTest::test_a_broken_profile_is_refused_with_the_responsible_check#pricing window closed	149522744	164626432	3110
Tests\Unit\TestCommerceProfileValidatorTest::test_a_broken_profile_is_refused_with_the_responsible_check#short inventory hold	149520448	164626432	3110
Tests\Unit\TestCommerceProfileValidatorTest::test_a_broken_profile_is_refused_with_the_responsible_check#exclusive selection enabled	149518120	164626432	3110
Tests\Unit\TestCommerceProfileValidatorTest::test_a_broken_profile_is_refused_with_the_responsible_check#order policy extra field	149515760	164626432	3110
Tests\Unit\TestCommerceProfileValidatorTest::test_a_broken_profile_is_refused_with_the_responsible_check#checkout disabled	149513416	164626432	3110
Tests\Unit\TestCommerceProfileValidatorTest::test_a_broken_profile_is_refused_with_the_responsible_check#checkout lifetime changed	149511104	164626432	3110
Tests\Unit\TestCommerceProfileValidatorTest::test_a_broken_profile_is_refused_with_the_responsible_check#processing disabled	149508776	164626432	3110
Tests\Unit\TestCommerceProfileValidatorTest::test_a_broken_profile_is_refused_with_the_responsible_check#finalization policy changed	149506448	164626432	3110
Tests\Unit\TestCommerceProfileValidatorTest::test_a_broken_profile_is_refused_with_the_responsible_check#retained v1 contract policy	149504120	164626432	3110
Tests\Unit\TestCommerceProfileValidatorTest::test_a_broken_profile_is_refused_with_the_responsible_check#activation grants downloads	149501792	164626432	3110
Tests\Unit\TestCommerceProfileValidatorTest::test_a_broken_profile_is_refused_with_the_responsible_check#longer delivery authorization	149499464	164626432	3110
Tests\Unit\TestCommerceProfileValidatorTest::test_a_broken_profile_is_refused_with_the_responsible_check#identity sends mail	149497152	164626432	3110
Tests\Unit\TestCommerceProfileValidatorTest::test_a_broken_profile_is_refused_with_the_responsible_check#production checkout flag	149494840	164626432	3110
Tests\Unit\TestCommerceProfileValidatorTest::test_a_broken_profile_is_refused_with_the_responsible_check#free grants enabled	149492512	164626432	3110
Tests\Unit\TestCommerceProfileValidatorTest::test_a_broken_profile_is_refused_with_the_responsible_check#production checkout key	149490184	164626432	3110
Tests\Unit\TestCommerceProfileValidatorTest::test_a_broken_profile_is_refused_with_the_responsible_check#duplicate key	149487808	164626432	3110
Tests\Unit\TestCommerceProfileValidatorTest::test_a_broken_profile_is_refused_with_the_responsible_check#single quote inside json	149485840	164626432	3110
Tests\Unit\TestCommerceProfileValidatorTest::test_a_probe_is_never_attempted_while_any_check_fails	149480432	164626432	3110
Tests\Unit\TestCommerceProfileValidatorTest::test_usage_errors_exit_two_without_checks	149483912	164626432	3110
Tests\Feature\CatalogWriterAuthorityTest::test_current_actor_is_read_inside_the_transaction_before_any_catalog_read#metadata update	156442096	168820736	3261
Tests\Feature\CatalogWriterAuthorityTest::test_current_actor_is_read_inside_the_transaction_before_any_catalog_read#metadata create	157334592	170917888	3279
Tests\Feature\CatalogWriterAuthorityTest::test_current_actor_is_read_inside_the_transaction_before_any_catalog_read#draft update	158228744	170917888	3297
Tests\Feature\CatalogWriterAuthorityTest::test_current_actor_is_read_inside_the_transaction_before_any_catalog_read#draft create	159120456	170917888	3315
Tests\Feature\CatalogWriterAuthorityTest::test_current_actor_is_read_inside_the_transaction_before_any_catalog_read#deactivate	160084968	173015040	3334
Tests\Feature\CatalogWriterAuthorityTest::test_missing_or_withdrawn_persisted_authority_has_no_catalog_or_audit_effect#metadata update / role	160980800	173015040	3355
Tests\Feature\CatalogWriterAuthorityTest::test_missing_or_withdrawn_persisted_authority_has_no_catalog_or_audit_effect#metadata update / email	161873336	173015040	3373
Tests\Feature\CatalogWriterAuthorityTest::test_missing_or_withdrawn_persisted_authority_has_no_catalog_or_audit_effect#metadata update / deleted	162765992	175112192	3391
Tests\Feature\CatalogWriterAuthorityTest::test_missing_or_withdrawn_persisted_authority_has_no_catalog_or_audit_effect#metadata update / unsaved	163723928	175112192	3409
Tests\Feature\CatalogWriterAuthorityTest::test_missing_or_withdrawn_persisted_authority_has_no_catalog_or_audit_effect#metadata update / customer	164616456	177209344	3427
Tests\Feature\CatalogWriterAuthorityTest::test_missing_or_withdrawn_persisted_authority_has_no_catalog_or_audit_effect#metadata create / role	165508976	177209344	3445
Tests\Feature\CatalogWriterAuthorityTest::test_missing_or_withdrawn_persisted_authority_has_no_catalog_or_audit_effect#metadata create / email	166401512	177209344	3463
Tests\Feature\CatalogWriterAuthorityTest::test_missing_or_withdrawn_persisted_authority_has_no_catalog_or_audit_effect#metadata create / deleted	167294168	179306496	3481
Tests\Feature\CatalogWriterAuthorityTest::test_missing_or_withdrawn_persisted_authority_has_no_catalog_or_audit_effect#metadata create / unsaved	168186568	179306496	3499
Tests\Feature\CatalogWriterAuthorityTest::test_missing_or_withdrawn_persisted_authority_has_no_catalog_or_audit_effect#metadata create / customer	169144632	179306496	3517
Tests\Feature\CatalogWriterAuthorityTest::test_missing_or_withdrawn_persisted_authority_has_no_catalog_or_audit_effect#draft update / role	170037136	181403648	3535
Tests\Feature\CatalogWriterAuthorityTest::test_missing_or_withdrawn_persisted_authority_has_no_catalog_or_audit_effect#draft update / email	170929680	181403648	3553
Tests\Feature\CatalogWriterAuthorityTest::test_missing_or_withdrawn_persisted_authority_has_no_catalog_or_audit_effect#draft update / deleted	171822336	183500800	3571
Tests\Feature\CatalogWriterAuthorityTest::test_missing_or_withdrawn_persisted_authority_has_no_catalog_or_audit_effect#draft update / unsaved	172714736	183500800	3589
Tests\Feature\CatalogWriterAuthorityTest::test_missing_or_withdrawn_persisted_authority_has_no_catalog_or_audit_effect#draft update / customer	173672808	183500800	3607
Tests\Feature\CatalogWriterAuthorityTest::test_missing_or_withdrawn_persisted_authority_has_no_catalog_or_audit_effect#draft create / role	174565312	185597952	3625
Tests\Feature\CatalogWriterAuthorityTest::test_missing_or_withdrawn_persisted_authority_has_no_catalog_or_audit_effect#draft create / email	175457856	185597952	3643
Tests\Feature\CatalogWriterAuthorityTest::test_missing_or_withdrawn_persisted_authority_has_no_catalog_or_audit_effect#draft create / deleted	176350512	187695104	3661
Tests\Feature\CatalogWriterAuthorityTest::test_missing_or_withdrawn_persisted_authority_has_no_catalog_or_audit_effect#draft create / unsaved	177242912	187695104	3679
Tests\Feature\CatalogWriterAuthorityTest::test_missing_or_withdrawn_persisted_authority_has_no_catalog_or_audit_effect#draft create / customer	178200984	189792256	3697
Tests\Feature\CatalogWriterAuthorityTest::test_missing_or_withdrawn_persisted_authority_has_no_catalog_or_audit_effect#deactivate / role	179093488	189792256	3715
Tests\Feature\CatalogWriterAuthorityTest::test_missing_or_withdrawn_persisted_authority_has_no_catalog_or_audit_effect#deactivate / email	179986016	189792256	3733
Tests\Feature\CatalogWriterAuthorityTest::test_missing_or_withdrawn_persisted_authority_has_no_catalog_or_audit_effect#deactivate / deleted	180878688	191889408	3751
Tests\Feature\CatalogWriterAuthorityTest::test_missing_or_withdrawn_persisted_authority_has_no_catalog_or_audit_effect#deactivate / unsaved	181791568	191889408	3769
Tests\Feature\CatalogWriterAuthorityTest::test_missing_or_withdrawn_persisted_authority_has_no_catalog_or_audit_effect#deactivate / customer	182749632	193986560	3787
Tests\Feature\CatalogWriterAuthorityTest::test_existing_caller_transaction_can_rollback_mutation_and_attributed_audit_together#metadata update	183639416	193986560	3805
Tests\Feature\CatalogWriterAuthorityTest::test_existing_caller_transaction_can_rollback_mutation_and_attributed_audit_together#metadata create	184531944	193986560	3823
Tests\Feature\CatalogWriterAuthorityTest::test_existing_caller_transaction_can_rollback_mutation_and_attributed_audit_together#draft update	185424464	196083712	3841
Tests\Feature\CatalogWriterAuthorityTest::test_existing_caller_transaction_can_rollback_mutation_and_attributed_audit_together#draft create	186316992	196083712	3859
Tests\Feature\CatalogWriterAuthorityTest::test_existing_caller_transaction_can_rollback_mutation_and_attributed_audit_together#deactivate	187209504	198180864	3877
Tests\Feature\CustomerAccountAccessTest::test_provisioning_is_explicit_idempotent_and_never_revives_withdrawn_access	188567064	204472320	3903
Tests\Feature\CustomerAccountAccessTest::test_account_owner_and_actor_cannot_be_swapped_or_omitted_at_transaction_fence	189460464	206569472	3921
Tests\Feature\CustomerAccountAccessTest::test_password_change_and_verification_or_staff_changes_invalidate_retained_principal	190419720	206569472	3939
Tests\Feature\CustomerAccountAccessTest::test_feature_withdrawal_and_production_environment_refuse_accounts_without_deleting_them	191313184	206569472	3957
Tests\Feature\CustomerAccountAccessTest::test_internal_principal_cannot_leak_owner_or_credential_through_debug_or_serialization	192206776	206569472	3975
Tests\Feature\CustomerAccountAccessTest::test_staff_and_unverified_users_cannot_be_provisioned	193089136	208666624	3993
Tests\Feature\CustomerAccountCommerceTest::test_fresh_customer_session_reads_exact_original_contract_and_asset_with_explicit_audit_actor	199850816	212860928	4213
Tests\Feature\CustomerAccountCommerceTest::test_withdrawal_after_file_preparation_cannot_issue_authorization_and_closes_private_spool	200636504	214958080	4232
Tests\Feature\CustomerAccountCommerceTest::test_withdrawal_after_redemption_preparation_cannot_consume_attempt_or_leak_spool	201535856	214958080	4250
Tests\Feature\CustomerAccountCommerceTest::test_withdrawal_during_provider_account_check_prevents_checkout_create	202432696	217055232	4270
Tests\Feature\CustomerAccountCommerceTest::test_inflight_provider_observation_is_retained_but_never_returned_after_withdrawal	203330920	217055232	4288
Tests\Feature\CustomerAccountCommerceTest::test_withdrawal_during_a_private_projection_is_checked_again_before_response	204291576	217055232	4306
Tests\Feature\CustomerAccountCommerceTest::test_customer_fixture_scanner_is_explicit_scoped_and_precedes_immutable_purchase	204957744	219152384	4326
Tests\Feature\CustomerAccountCommerceTest::test_customer_fixture_scan_failure_restores_default_and_cannot_create_purchase	205756192	219152384	4346
Tests\Feature\CustomerConsentAdmissionTest::test_reserved_identity_across_object_kinds_is_refused_on_full_valid_dependencies#table name as trigger	206853952	219152384	4368
Tests\Feature\CustomerConsentAdmissionTest::test_reserved_identity_across_object_kinds_is_refused_on_full_valid_dependencies#complete table and same-name foreign trigger	208377192	221249536	4402
Tests\Feature\CustomerConsentAdmissionTest::test_reserved_identity_across_object_kinds_is_refused_on_full_valid_dependencies#guard name as table	209540128	223346688	4424
Tests\Feature\CustomerConsentAdmissionTest::test_reserved_identity_across_object_kinds_is_refused_on_full_valid_dependencies#guard name as index	210658088	223346688	4446
Tests\Feature\CustomerConsentAdmissionTest::test_reserved_identity_across_object_kinds_is_refused_on_full_valid_dependencies#dictionary case/accent alias	211776040	223346688	4468
Tests\Feature\CustomerConsentAdmissionTest::test_dependency_shape_keys_guards_enforcement_and_shadow_refuse_before_schema_installation#missing users	212987248	225443840	4491
Tests\Feature\CustomerConsentAdmissionTest::test_dependency_shape_keys_guards_enforcement_and_shadow_refuse_before_schema_installation#missing accounts	214135960	225443840	4514
Tests\Feature\CustomerConsentAdmissionTest::test_dependency_shape_keys_guards_enforcement_and_shadow_refuse_before_schema_installation#missing owners	215350208	227540992	4537
Tests\Feature\CustomerConsentAdmissionTest::test_dependency_shape_keys_guards_enforcement_and_shadow_refuse_before_schema_installation#account column drift	216498928	229638144	4560
Tests\Feature\CustomerConsentAdmissionTest::test_dependency_shape_keys_guards_enforcement_and_shadow_refuse_before_schema_installation#missing account identity key	217713224	229638144	4583
Tests\Feature\CustomerConsentAdmissionTest::test_dependency_shape_keys_guards_enforcement_and_shadow_refuse_before_schema_installation#missing user email key	218861952	231735296	4606
Tests\Feature\CustomerConsentAdmissionTest::test_dependency_shape_keys_guards_enforcement_and_shadow_refuse_before_schema_installation#missing account retention guard	220076248	231735296	4629
Tests\Feature\CustomerConsentAdmissionTest::test_dependency_shape_keys_guards_enforcement_and_shadow_refuse_before_schema_installation#missing user discovery guard	221224992	233832448	4652
Tests\Feature\CustomerConsentAdmissionTest::test_dependency_shape_keys_guards_enforcement_and_shadow_refuse_before_schema_installation#missing owner retention guard	222439272	233832448	4675
Tests\Feature\CustomerConsentAdmissionTest::test_dependency_shape_keys_guards_enforcement_and_shadow_refuse_before_schema_installation#foreign-key enforcement disabled	223557064	235929600	4697
Tests\Feature\CustomerConsentAdmissionTest::test_dependency_shape_keys_guards_enforcement_and_shadow_refuse_before_schema_installation#temporary users	224771288	235929600	4720
Tests\Feature\CustomerConsentAdmissionTest::test_dependency_shape_keys_guards_enforcement_and_shadow_refuse_before_schema_installation#temporary accounts	225920008	238026752	4743
Tests\Feature\CustomerConsentAdmissionTest::test_dependency_shape_keys_guards_enforcement_and_shadow_refuse_before_schema_installation#temporary owners	227134288	238026752	4766
Tests\Feature\CustomerConsentAdmissionTest::test_final_framework_ddl_callback_cannot_record_a_missing_earlier_guard#earlier own guard	228247024	240123904	4789
Tests\Feature\CustomerConsentAdmissionTest::test_final_framework_ddl_callback_cannot_record_a_missing_earlier_guard#retained account dependency guard	229410904	242221056	4812
Tests\Feature\CustomerConsentAdmissionTest::test_terminal_container_policy_resolution_cannot_commit_outdated_grant	230313288	242221056	4831
Tests\Feature\CustomerConsentAdmissionTest::test_terminal_runtime_callback_cannot_change_notice_after_configuration_check	231206800	244318208	4850
Tests\Feature\CustomerConsentBoundaryTest::test_final_account_query_callback_cannot_release_or_commit_stale_consent#read account	232278896	244318208	4868
Tests\Feature\CustomerConsentBoundaryTest::test_final_account_query_callback_cannot_release_or_commit_stale_consent#read credential	232321864	244318208	4868
Tests\Feature\CustomerConsentBoundaryTest::test_final_account_query_callback_cannot_release_or_commit_stale_consent#read recipient	232386216	244318208	4868
Tests\Feature\CustomerConsentBoundaryTest::test_final_account_query_callback_cannot_release_or_commit_stale_consent#read purpose	232385032	244318208	4868
Tests\Feature\CustomerConsentBoundaryTest::test_final_account_query_callback_cannot_release_or_commit_stale_consent#read graph	232469864	244318208	4870
Tests\Feature\CustomerConsentBoundaryTest::test_final_account_query_callback_cannot_release_or_commit_stale_consent#grant account	232453504	244318208	4870
Tests\Feature\CustomerConsentBoundaryTest::test_final_account_query_callback_cannot_release_or_commit_stale_consent#grant credential	232517664	244318208	4870
Tests\Feature\CustomerConsentBoundaryTest::test_final_account_query_callback_cannot_release_or_commit_stale_consent#grant recipient	232516472	244318208	4870
Tests\Feature\CustomerConsentBoundaryTest::test_final_account_query_callback_cannot_release_or_commit_stale_consent#grant purpose	232515296	244318208	4870
Tests\Feature\CustomerConsentBoundaryTest::test_final_account_query_callback_cannot_release_or_commit_stale_consent#grant graph	232529352	244318208	4870
Tests\Feature\CustomerConsentBoundaryTest::test_final_account_query_callback_cannot_release_or_commit_stale_consent#withdraw account	232593896	244318208	4870
Tests\Feature\CustomerConsentBoundaryTest::test_final_account_query_callback_cannot_release_or_commit_stale_consent#withdraw credential	232592568	244318208	4870
Tests\Feature\CustomerConsentBoundaryTest::test_final_account_query_callback_cannot_release_or_commit_stale_consent#withdraw recipient	232591328	244318208	4870
Tests\Feature\CustomerConsentBoundaryTest::test_final_account_query_callback_cannot_release_or_commit_stale_consent#withdraw purpose	232590136	244318208	4870
Tests\Feature\CustomerConsentBoundaryTest::test_final_account_query_callback_cannot_release_or_commit_stale_consent#withdraw graph	232654624	244318208	4870
Tests\Feature\CustomerConsentBoundaryTest::test_same_saved_state_model_cannot_be_refreshed_to_a_different_intended_revision	232652328	244318208	4870
Tests\Feature\CustomerConsentBoundaryTest::test_revoked_principal_and_disabled_customer_access_cannot_read_or_change_preferences	232630112	244318208	4870
Tests\Feature\CustomerConsentMigrationTest::test_actual_migrator_restarts_every_owned_table_trigger_prefix_and_preserves_history#after DDL step 1	234228576	246415360	4905
Tests\Feature\CustomerConsentMigrationTest::test_actual_migrator_restarts_every_owned_table_trigger_prefix_and_preserves_history#after DDL step 2	235423184	246415360	4929
Tests\Feature\CustomerConsentMigrationTest::test_actual_migrator_restarts_every_owned_table_trigger_prefix_and_preserves_history#after DDL step 3	236552256	248512512	4953
Tests\Feature\CustomerConsentMigrationTest::test_actual_migrator_restarts_every_owned_table_trigger_prefix_and_preserves_history#after DDL step 4	237746864	250609664	4977
Tests\Feature\CustomerConsentMigrationTest::test_actual_migrator_restarts_every_owned_table_trigger_prefix_and_preserves_history#after DDL step 5	238875936	250609664	5001
Tests\Feature\CustomerConsentMigrationTest::test_actual_migrator_restarts_every_owned_table_trigger_prefix_and_preserves_history#after DDL step 6	240070544	252706816	5025
Tests\Feature\CustomerConsentMigrationTest::test_actual_migrator_restarts_every_owned_table_trigger_prefix_and_preserves_history#after DDL step 7	241199616	252706816	5049
Tests\Feature\CustomerConsentMigrationTest::test_actual_migrator_restarts_every_owned_table_trigger_prefix_and_preserves_history#after DDL step 8	242394224	254803968	5073
Tests\Feature\CustomerConsentMigrationTest::test_actual_migrator_restarts_every_owned_table_trigger_prefix_and_preserves_history#after DDL step 9	243523296	254803968	5097
Tests\Feature\CustomerConsentMigrationTest::test_actual_migrator_restarts_every_owned_table_trigger_prefix_and_preserves_history#after DDL step 10	244717912	256901120	5121
Tests\Feature\CustomerConsentMigrationTest::test_actual_migrator_restarts_every_owned_table_trigger_prefix_and_preserves_history#after DDL step 11	245846984	256901120	5145
Tests\Feature\CustomerConsentMigrationTest::test_actual_migrator_restarts_every_owned_table_trigger_prefix_and_preserves_history#after DDL step 12	246976056	258998272	5169
Tests\Feature\CustomerConsentMigrationTest::test_operational_rollback_refuses_before_queries_and_keeps_policy_choice_history_and_repository_record	248006488	261095424	5188
Tests\Feature\CustomerConsentMigrationTest::test_foreign_or_drifted_storage_refuses_without_adopting_or_dropping_any_object#extra index	249054056	261095424	5209
Tests\Feature\CustomerConsentMigrationTest::test_foreign_or_drifted_storage_refuses_without_adopting_or_dropping_any_object#extra column	250206576	263192576	5230
Tests\Feature\CustomerConsentMigrationTest::test_foreign_or_drifted_storage_refuses_without_adopting_or_dropping_any_object#unexpected trigger	251293568	263192576	5251
Tests\Feature\CustomerConsentMigrationTest::test_foreign_or_drifted_storage_refuses_without_adopting_or_dropping_any_object#missing prefix trigger	252380536	265289728	5272
Tests\Feature\CustomerConsentMigrationTest::test_foreign_or_drifted_storage_refuses_without_adopting_or_dropping_any_object#missing final recorded trigger	253533056	265289728	5293
Tests\Feature\CustomerConsentMigrationTest::test_foreign_or_drifted_storage_refuses_without_adopting_or_dropping_any_object#temporary shadow	254589064	267386880	5313
Tests\Feature\CustomerConsentMigrationTest::test_direct_sql_cannot_rewrite_delete_replace_or_rebind_retained_graph	255530720	267386880	5333
Tests\Feature\CustomerConsentPreferencesTest::test_unknown_default_never_creates_a_choice_or_invents_a_notice	256644432	269484032	5351
Tests\Feature\CustomerConsentPreferencesTest::test_exact_affirmative_choice_persists_encrypted_server_recipient_and_original_notice	256678840	269484032	5351
Tests\Feature\CustomerConsentPreferencesTest::test_every_withdrawal_advances_revision_even_unknown_or_already_withdrawn_and_fences_stale_grants	256693248	269484032	5351
Tests\Feature\CustomerConsentPreferencesTest::test_changed_or_disabled_notice_never_infers_grant_and_withdrawal_remains_available	256693184	269484032	5351
Tests\Feature\CustomerConsentPreferencesTest::test_notice_version_cannot_be_reused_to_replace_original_copy_but_customer_can_withdraw	256759104	269484032	5351
Tests\Feature\CustomerConsentPreferencesTest::test_separate_accounts_have_independent_revisions_and_cannot_supply_another_owner_or_recipient	256744024	269484032	5351
Tests\Feature\CustomerConsentPreferencesTest::test_untrusted_or_incomplete_consent_commands_refuse_without_any_capture#missing affirmative	256739640	269484032	5351
Tests\Feature\CustomerConsentPreferencesTest::test_untrusted_or_incomplete_consent_commands_refuse_without_any_capture#false affirmative	256737728	269484032	5351
Tests\Feature\CustomerConsentPreferencesTest::test_untrusted_or_incomplete_consent_commands_refuse_without_any_capture#numeric affirmative	256736760	269484032	5351
Tests\Feature\CustomerConsentPreferencesTest::test_untrusted_or_incomplete_consent_commands_refuse_without_any_capture#string version	256801296	269484032	5351
Tests\Feature\CustomerConsentPreferencesTest::test_untrusted_or_incomplete_consent_commands_refuse_without_any_capture#negative version	256800360	269484032	5351
Tests\Feature\CustomerConsentPreferencesTest::test_untrusted_or_incomplete_consent_commands_refuse_without_any_capture#float version	256799360	269484032	5351
Tests\Feature\CustomerConsentPreferencesTest::test_untrusted_or_incomplete_consent_commands_refuse_without_any_capture#foreign purpose	256798416	269484032	5351
Tests\Feature\CustomerConsentPreferencesTest::test_untrusted_or_incomplete_consent_commands_refuse_without_any_capture#old notice version	256863016	269484032	5351
Tests\Feature\CustomerConsentPreferencesTest::test_untrusted_or_incomplete_consent_commands_refuse_without_any_capture#wrong hash	256862072	269484032	5351
Tests\Feature\CustomerConsentPreferencesTest::test_untrusted_or_incomplete_consent_commands_refuse_without_any_capture#extra recipient	256860376	269484032	5351
Tests\Feature\CustomerConsentPreferencesTest::test_untrusted_or_incomplete_consent_commands_refuse_without_any_capture#unknown action	256859400	269484032	5351
Tests\Feature\CustomerConsentPreferencesTest::test_untrusted_or_incomplete_consent_commands_refuse_without_any_capture#extended notice field	256924000	269484032	5351
Tests\Feature\CustomerConsentPreferencesTest::test_recipient_change_does_not_promote_old_capture_to_new_address	256939216	269484032	5351
Tests\Feature\CustomerConsentPreferencesTest::test_missing_unreviewed_or_invalid_purpose_policy_cannot_create_opt_in_and_does_not_block_withdrawal#missing policy	256926480	269484032	5351
Tests\Feature\CustomerConsentPreferencesTest::test_missing_unreviewed_or_invalid_purpose_policy_cannot_create_opt_in_and_does_not_block_withdrawal#missing review	256925936	269484032	5351
Tests\Feature\CustomerConsentPreferencesTest::test_missing_unreviewed_or_invalid_purpose_policy_cannot_create_opt_in_and_does_not_block_withdrawal#notice too long	256925064	269484032	5351
Tests\Feature\CustomerConsentPreferencesTest::test_missing_unreviewed_or_invalid_purpose_policy_cannot_create_opt_in_and_does_not_block_withdrawal#invalid UTF8	256986936	269484032	5351
Tests\Feature\CustomerConsentPreferencesTest::test_missing_unreviewed_or_invalid_purpose_policy_cannot_create_opt_in_and_does_not_block_withdrawal#Unicode whitespace	256985976	269484032	5351
Tests\Feature\CustomerConsentPreferencesTest::test_missing_unreviewed_or_invalid_purpose_policy_cannot_create_opt_in_and_does_not_block_withdrawal#format controls	256985064	269484032	5351
Tests\Feature\CustomerConsentPreferencesTest::test_missing_unreviewed_or_invalid_purpose_policy_cannot_create_opt_in_and_does_not_block_withdrawal#extended policy	256984112	269484032	5351
Tests\Feature\CustomerConsentPreferencesTest::test_missing_unreviewed_or_invalid_purpose_policy_cannot_create_opt_in_and_does_not_block_withdrawal#overlong version	257048752	269484032	5351
Tests\Feature\CustomerConsentPreferencesTest::test_actual_account_listening_and_order_preparation_do_not_infer_marketing_consent	257164224	269484032	5351
Tests\Feature\CustomerConsentPreferencesTest::test_runtime_adapter_can_be_replaced_without_changing_domain_production_guards	257043464	269484032	5352
Tests\Feature\CustomerIdentityKeyRotationTest::test_exact_request_after_rotation_resends_the_original_proof_on_the_original_fence	258424896	273678336	5383
Tests\Feature\CustomerIdentityKeyRotationTest::test_removed_previous_key_never_adopts_or_resends_an_old_request	259204944	273678336	5401
Tests\Feature\CustomerIdentityMigrationTest::test_every_retained_unique_identity_refuses_replace_without_recursive_delete_triggers	260104856	273678336	5419
Tests\Feature\CustomerIdentityMigrationTest::test_pending_proof_and_identity_are_immutable_even_in_an_otherwise_valid_completion	261113720	275775488	5437
Tests\Feature\CustomerIdentityMigrationTest::test_insert_refuses_forged_states_partial_recovery_and_malformed_proof_identity	262007312	275775488	5455
Tests\Feature\CustomerIdentityMigrationTest::test_completion_requires_exact_terminal_state_complete_current_result_and_unexpired_time	262966440	275775488	5473
Tests\Feature\CustomerIdentityMigrationTest::test_unavailable_evidence_cannot_be_promoted_or_deleted	263859968	277872640	5491
Tests\Feature\CustomerIdentityMigrationTest::test_populated_rollback_preserves_every_row_and_guard	264729896	277872640	5510
Tests\Feature\CustomerIdentityMigrationTest::test_address_only_evidence_also_refuses_rollback	265715104	279969792	5529
Tests\Feature\CustomerIdentityMigrationTest::test_empty_owned_rollback_is_repeatable_and_reinstall_restores_guards	266765912	279969792	5548
Tests\Feature\CustomerIdentityMigrationTest::test_foreign_named_guards_are_preserved_before_creation_and_absent_rollback	267934544	279969792	5569
Tests\Feature\CustomerIdentityMigrationTest::test_incomplete_schema_or_altered_columns_indexes_and_guards_refuse_before_any_drop	269443752	282066944	5593
Tests\Feature\CustomerIdentityMigrationTest::test_foreign_inbound_reference_refuses_before_removing_owned_guards	270429024	284164096	5612
Tests\Feature\CustomerIdentityMigrationTest::test_temporary_table_shadows_cannot_hide_retained_rows_or_remove_guards	271754880	284164096	5634
Tests\Feature\CustomerIdentityMigrationTest::test_temporary_guard_name_never_removes_a_permanent_guard	272831768	286261248	5654
Tests\Feature\CustomerIdentityMigrationTest::test_schema_wide_foreign_constraint_or_index_name_prevents_partial_installation	273908712	286261248	5674
Tests\Feature\CustomerInquiryAdminTest::test_guest_customer_and_unverified_staff_cannot_list_view_or_apply_private_actions	276718720	288358400	5740
Tests\Feature\CustomerInquiryAdminTest::test_actual_staff_inbox_detail_and_actions_persist_and_audit_without_sending_or_mutating_original_input	289170752	304087040	5891
Tests\Feature\CustomerInquiryAdminTest::test_detail_actions_update_visible_state_and_action_availability_without_a_page_reload	288886264	304087040	5891
Tests\Feature\CustomerInquiryAdminTest::test_retained_staff_actions_and_livewire_refresh_recheck_persisted_authority#role	288976664	304087040	5892
Tests\Feature\CustomerInquiryAdminTest::test_retained_staff_actions_and_livewire_refresh_recheck_persisted_authority#verification	289041384	304087040	5892
Tests\Feature\CustomerInquiryAdminTest::test_required_mfa_withdrawal_denies_retained_private_component_and_direct_action	289039792	304087040	5892
Tests\Feature\CustomerInquiryAdminTest::test_stale_actions_and_archive_replay_do_not_duplicate_audits_or_reopen_inquiries	288702248	304087040	5892
Tests\Feature\CustomerInquiryAdminTest::test_failed_audit_rolls_back_archive_and_prevents_private_view_result	288768344	304087040	5892
Tests\Feature\CustomerInquiryAdminTest::test_inbox_has_bounded_pagination_and_no_create_edit_delete_or_bulk_abilities	289293288	304087040	5892
Tests\Feature\CustomerInquiryAdministrationConcurrencyTest::test_livewire_cached_and_uncached_private_getters_revalidate_authority_before_return#admin role	290602232	310378496	5910
Tests\Feature\CustomerInquiryAdministrationConcurrencyTest::test_livewire_cached_and_uncached_private_getters_revalidate_authority_before_return#verified email	291495024	310378496	5928
Tests\Feature\CustomerInquiryAdministrationConcurrencyTest::test_livewire_cached_and_uncached_private_getters_revalidate_authority_before_return#MFA enrollment	292453344	310378496	5946
Tests\Feature\CustomerInquiryAdministrationConcurrencyTest::test_locking_authority_fails_closed_outside_transactions_and_read_callbacks_cannot_return_deferred_queries	293490688	312475648	5967
Tests\Feature\CustomerInquiryMigrationTest::test_every_committed_installation_prefix_can_resume_and_repeated_up_preserves_all_guards	294118800	312475648	5988
Tests\Feature\CustomerInquiryMigrationTest::test_fully_protected_retained_table_can_resume_without_any_ddl_or_evidence_change	295281960	312475648	6009
Tests\Feature\CustomerInquiryMigrationTest::test_nonempty_partial_table_is_never_retroactively_adopted#insert	296416496	314572800	6030
Tests\Feature\CustomerInquiryMigrationTest::test_nonempty_partial_table_is_never_retroactively_adopted#update	297616424	314572800	6051
Tests\Feature\CustomerInquiryMigrationTest::test_nonempty_partial_table_is_never_retroactively_adopted#delete	298750824	316669952	6072
Tests\Feature\CustomerInquiryMigrationTest::test_nonempty_partial_table_is_never_retroactively_adopted#unique index	299950744	316669952	6093
Tests\Feature\CustomerInquiryMigrationTest::test_nonempty_partial_table_with_a_missing_mysql_foreign_key_is_never_retroactively_adopted	301003992	316669952	6113
Tests\Feature\CustomerInquiryMigrationTest::test_every_empty_rollback_prefix_and_absent_table_can_resume_without_changing_parent_evidence	302206720	318767104	6134
Tests\Feature\CustomerInquiryMigrationTest::test_foreign_schema_or_guard_residue_is_refused_before_any_ddl#extra column	303330088	318767104	6155
Tests\Feature\CustomerInquiryMigrationTest::test_foreign_schema_or_guard_residue_is_refused_before_any_ddl#wrong unique index	304530032	320864256	6176
Tests\Feature\CustomerInquiryMigrationTest::test_foreign_schema_or_guard_residue_is_refused_before_any_ddl#wrong guard body	305664464	320864256	6197
Tests\Feature\CustomerInquiryMigrationTest::test_foreign_schema_or_guard_residue_is_refused_before_any_ddl#additional table trigger	306864472	322961408	6218
Tests\Feature\CustomerInquiryMigrationTest::test_changed_mysql_foreign_key_definition_is_refused_before_any_ddl	307921712	322961408	6238
Tests\Feature\CustomerInquiryMigrationTest::test_shortened_mysql_unique_index_prefix_is_refused_before_any_ddl	309045000	325058560	6258
Tests\Feature\CustomerInquiryMigrationTest::test_missing_owned_guard_does_not_allow_foreign_named_guard_to_be_overwritten	310170208	325058560	6279
Tests\Feature\CustomerInquiryMigrationTest::test_unrelated_table_with_an_owned_schema_wide_name_is_refused_before_creating_inquiries	311371000	327155712	6300
Tests\Feature\CustomerInquiryMigrationTest::test_foreign_minimal_table_is_not_repaired_or_dropped_as_an_owned_partial_table	312507096	327155712	6321
Tests\Feature\CustomerInquiryMigrationTest::test_differently_cased_foreign_table_is_neither_adopted_nor_dropped	313707896	329252864	6342
Tests\Feature\CustomerInquiryMigrationTest::test_differently_cased_schema_wide_names_are_refused_before_any_create#SQLite global index or MySQL global foreign key	314841936	329252864	6363
Tests\Feature\CustomerInquiryMigrationTest::test_differently_cased_schema_wide_names_are_refused_before_any_create#global trigger	316041872	331350016	6384
Tests\Feature\CustomerInquiryMigrationTest::test_temporary_objects_cannot_hide_retained_inquiries_or_shadow_owned_schema_names	317186240	331350016	6405
Tests\Feature\CustomerInquiryMigrationTest::test_empty_rollback_and_reapply_preserve_site_and_operator_evidence_and_restore_guards	318379736	333447168	6426
Tests\Feature\CustomerInquiryMigrationTest::test_populated_rollback_refuses_to_erase_inquiries_and_leaves_all_guards_in_place	319514856	335544320	6447
Tests\Feature\CustomerInquiryMigrationTest::test_receipt_and_owner_request_uniqueness_do_not_merge_foreign_sessions_or_erase_parent_evidence	320633096	335544320	6468
Tests\Feature\CustomerInquiryMigrationTest::test_sql_cannot_mutate_any_original_input_owner_policy_or_publication_evidence_even_with_a_valid_state_change	321682224	335544320	6488
Tests\Feature\CustomerInquiryMigrationTest::test_only_new_records_and_monotonic_versioned_read_or_archive_transitions_are_accepted	322731168	337641472	6508
Tests\Feature\CustomerInquiryMigrationTest::test_original_input_is_encrypted_hidden_from_serialization_and_not_deletable_through_the_orm	323845864	337641472	6528
Tests\Feature\CustomerListeningExportHttpTest::test_actual_note_export_clear_flow_accepts_the_full_escaped_unicode_bound_and_keeps_export_read_only	325107368	339738624	6551
Tests\Feature\CustomerListeningExportHttpTest::test_export_refuses_ambiguous_or_client_authority_fields_without_writes_or_private_echo#0	325976352	339738624	6569
Tests\Feature\CustomerListeningExportHttpTest::test_export_refuses_ambiguous_or_client_authority_fields_without_writes_or_private_echo#1	326934664	341835776	6587
Tests\Feature\CustomerListeningExportHttpTest::test_export_refuses_ambiguous_or_client_authority_fields_without_writes_or_private_echo#2	327827376	341835776	6605
Tests\Feature\CustomerListeningExportHttpTest::test_export_refuses_ambiguous_or_client_authority_fields_without_writes_or_private_echo#3	328720608	343932928	6623
Tests\Feature\CustomerListeningExportHttpTest::test_export_refuses_ambiguous_or_client_authority_fields_without_writes_or_private_echo#4	329613328	343932928	6641
Tests\Feature\CustomerListeningExportHttpTest::test_export_refuses_ambiguous_or_client_authority_fields_without_writes_or_private_echo#5	330506056	343932928	6659
Tests\Feature\CustomerListeningExportHttpTest::test_export_refuses_ambiguous_or_client_authority_fields_without_writes_or_private_echo#6	331464328	346030080	6677
Tests\Feature\CustomerListeningExportHttpTest::test_export_refuses_ambiguous_or_client_authority_fields_without_writes_or_private_echo#7	332357088	346030080	6695
Tests\Feature\CustomerListeningExportHttpTest::test_export_refuses_ambiguous_or_client_authority_fields_without_writes_or_private_echo#8	333249952	348127232	6713
Tests\Feature\CustomerListeningExportHttpTest::test_export_refuses_ambiguous_or_client_authority_fields_without_writes_or_private_echo#9	334142608	348127232	6731
Tests\Feature\CustomerListeningExportHttpTest::test_export_refuses_ambiguous_or_client_authority_fields_without_writes_or_private_echo#10	335035360	348127232	6749
Tests\Feature\CustomerListeningExportHttpTest::test_export_refuses_ambiguous_or_client_authority_fields_without_writes_or_private_echo#11	335994040	350224384	6767
Tests\Feature\CustomerListeningExportHttpTest::test_export_refuses_ambiguous_or_client_authority_fields_without_writes_or_private_echo#12	336885912	350224384	6785
Tests\Feature\CustomerListeningExportHttpTest::test_export_requires_current_owner_and_never_reuses_a_previous_account_library	337780320	352321536	6803
Tests\Feature\CustomerListeningExportHttpTest::test_export_has_real_csrf_and_all_body_limits_are_scoped_to_the_listening_endpoints	338660976	352321536	6823
Tests\Feature\CustomerListeningLibraryHttpTest::test_real_customer_account_roundtrip_keeps_playlists_private_and_uses_current_version	339697912	352321536	6841
Tests\Feature\CustomerListeningLibraryHttpTest::test_guest_staff_and_withdrawn_customer_have_no_listening_access	340643168	354418688	6859
Tests\Feature\CustomerListeningLibraryHttpTest::test_privacy_request_and_session_boundaries_refuse_without_customer_state#0	341347680	354418688	6877
Tests\Feature\CustomerListeningLibraryHttpTest::test_privacy_request_and_session_boundaries_refuse_without_customer_state#1	342345552	356515840	6895
Tests\Feature\CustomerListeningLibraryHttpTest::test_privacy_request_and_session_boundaries_refuse_without_customer_state#2	343133168	356515840	6913
Tests\Feature\CustomerListeningLibraryHttpTest::test_privacy_request_and_session_boundaries_refuse_without_customer_state#3	344025920	358612992	6931
Tests\Feature\CustomerListeningLibraryHttpTest::test_privacy_request_and_session_boundaries_refuse_without_customer_state#4	345077456	358612992	6949
Tests\Feature\CustomerListeningLibraryHttpTest::test_privacy_request_and_session_boundaries_refuse_without_customer_state#5	345970208	358612992	6967
Tests\Feature\CustomerListeningLibraryHttpTest::test_privacy_request_and_session_boundaries_refuse_without_customer_state#6	346769696	360710144	6985
Tests\Feature\CustomerListeningLibraryHttpTest::test_privacy_request_and_session_boundaries_refuse_without_customer_state#7	347662440	360710144	7003
Tests\Feature\CustomerListeningLibraryHttpTest::test_privacy_request_and_session_boundaries_refuse_without_customer_state#8	348641792	360710144	7021
Tests\Feature\CustomerListeningLibraryHttpTest::test_privacy_request_and_session_boundaries_refuse_without_customer_state#9	349701016	362807296	7039
Tests\Feature\CustomerListeningLibraryHttpTest::test_privacy_request_and_session_boundaries_refuse_without_customer_state#10	350487600	362807296	7058
Tests\Feature\CustomerListeningMigrationTest::test_repeated_complete_owned_install_preserves_customer_preferences_and_real_credit_history	351213152	364904448	7077
Tests\Feature\CustomerListeningMigrationTest::test_rollback_always_refuses_before_query_and_retains_schema_history_and_repository_record#empty	352123672	364904448	7096
Tests\Feature\CustomerListeningMigrationTest::test_rollback_always_refuses_before_query_and_retains_schema_history_and_repository_record#populated	353044952	364904448	7115
Tests\Feature\CustomerListeningMigrationTest::test_foreign_or_drifted_objects_are_never_adopted_or_dropped#index	354027016	367001600	7135
Tests\Feature\CustomerListeningMigrationTest::test_foreign_or_drifted_objects_are_never_adopted_or_dropped#column	354965024	367001600	7155
Tests\Feature\CustomerListeningMigrationTest::test_foreign_or_drifted_objects_are_never_adopted_or_dropped#trigger	355903032	369098752	7175
Tests\Feature\CustomerListeningMigrationTest::test_temporary_shadow_is_never_adopted_or_dropped	356790480	369098752	7195
Tests\Feature\CustomerListeningMigrationTest::test_real_migrator_restarts_an_exact_complete_unrecorded_install#after complete up	357847280	371195904	7214
Tests\Feature\CustomerListeningMigrationTest::test_real_migrator_restarts_an_exact_complete_unrecorded_install#after atomic CREATE event	358741096	371195904	7232
Tests\Feature\CustomerListeningNotesTest::test_actual_lyric_notes_persist_encrypted_and_private_export_contains_exact_own_inputs_only	359873072	373293056	7250
Tests\Feature\CustomerListeningNotesTest::test_exact_v1_payload_reads_and_exports_without_rewrite_and_promotes_only_effective_mutation	359860464	373293056	7250
Tests\Feature\CustomerListeningNotesTest::test_notes_require_existing_owned_references_without_allowing_private_catalog_discovery	359997192	373293056	7250
Tests\Feature\CustomerListeningNotesTest::test_removing_last_retained_reference_prunes_notes_but_shared_reference_preserves_them	359925752	373293056	7250
Tests\Feature\CustomerListeningNotesTest::test_clear_actually_removes_feature_contents_retains_monotonic_revision_and_blocks_stale_resurrection	359925704	373293056	7250
Tests\Feature\CustomerListeningNotesTest::test_clear_empty_absent_library_also_advances_and_leaves_empty_owned_row	359921184	373293056	7250
Tests\Feature\CustomerListeningNotesTest::test_note_character_byte_utf8_and_control_bounds_are_strict#0	359984696	373293056	7250
Tests\Feature\CustomerListeningNotesTest::test_note_character_byte_utf8_and_control_bounds_are_strict#1	359983720	373293056	7250
Tests\Feature\CustomerListeningNotesTest::test_note_character_byte_utf8_and_control_bounds_are_strict#2	359982808	373293056	7250
Tests\Feature\CustomerListeningNotesTest::test_note_character_byte_utf8_and_control_bounds_are_strict#3	359979648	373293056	7250
Tests\Feature\CustomerListeningNotesTest::test_note_character_byte_utf8_and_control_bounds_are_strict#4	360040024	373293056	7250
Tests\Feature\CustomerListeningNotesTest::test_note_character_byte_utf8_and_control_bounds_are_strict#5	360034448	373293056	7250
Tests\Feature\CustomerListeningNotesTest::test_note_character_byte_utf8_and_control_bounds_are_strict#6	360033528	373293056	7250
Tests\Feature\CustomerListeningNotesTest::test_note_character_byte_utf8_and_control_bounds_are_strict#7	360032488	373293056	7250
Tests\Feature\CustomerListeningNotesTest::test_note_character_byte_utf8_and_control_bounds_are_strict#8	360031504	373293056	7250
Tests\Feature\CustomerListeningNotesTest::test_note_character_byte_utf8_and_control_bounds_are_strict#9	360096032	373293056	7250
Tests\Feature\CustomerListeningNotesTest::test_note_character_byte_utf8_and_control_bounds_are_strict#10	360095032	373293056	7250
Tests\Feature\CustomerListeningNotesTest::test_note_character_byte_utf8_and_control_bounds_are_strict#11	360094040	373293056	7250
Tests\Feature\CustomerListeningNotesTest::test_note_character_byte_utf8_and_control_bounds_are_strict#12	360093088	373293056	7250
Tests\Feature\CustomerListeningNotesTest::test_maximum_utf8_and_count_bounds_are_accepted_without_exceeding_owned_note_capacity	360161040	373293056	7250
Tests\Feature\CustomerListeningNotesTest::test_malformed_v1_v2_payloads_are_refused_without_replacing_private_contents#0	360155648	373293056	7250
Tests\Feature\CustomerListeningNotesTest::test_malformed_v1_v2_payloads_are_refused_without_replacing_private_contents#1	360154680	373293056	7250
Tests\Feature\CustomerListeningNotesTest::test_malformed_v1_v2_payloads_are_refused_without_replacing_private_contents#2	360153680	373293056	7250
Tests\Feature\CustomerListeningNotesTest::test_malformed_v1_v2_payloads_are_refused_without_replacing_private_contents#3	360218200	373293056	7250
Tests\Feature\CustomerListeningNotesTest::test_malformed_v1_v2_payloads_are_refused_without_replacing_private_contents#4	360217208	373293056	7250
Tests\Feature\CustomerListeningNotesTest::test_malformed_v1_v2_payloads_are_refused_without_replacing_private_contents#5	360216192	373293056	7250
Tests\Feature\CustomerListeningPrimaryProofTest::test_genuine_last_account_query_callbacks_cannot_release_private_state_or_commit_a_change#read account	360914224	373293056	7268
Tests\Feature\CustomerListeningPrimaryProofTest::test_genuine_last_account_query_callbacks_cannot_release_private_state_or_commit_a_change#read password	361806744	375390208	7286
Tests\Feature\CustomerListeningPrimaryProofTest::test_genuine_last_account_query_callbacks_cannot_release_private_state_or_commit_a_change#read policy	362764816	375390208	7304
Tests\Feature\CustomerListeningPrimaryProofTest::test_genuine_last_account_query_callbacks_cannot_release_private_state_or_commit_a_change#read role	363657328	377487360	7322
Tests\Feature\CustomerListeningPrimaryProofTest::test_genuine_last_account_query_callbacks_cannot_release_private_state_or_commit_a_change#read email	364549816	377487360	7340
Tests\Feature\CustomerListeningPrimaryProofTest::test_genuine_last_account_query_callbacks_cannot_release_private_state_or_commit_a_change#read library	365442352	377487360	7358
Tests\Feature\CustomerListeningPrimaryProofTest::test_genuine_last_account_query_callbacks_cannot_release_private_state_or_commit_a_change#create account	366334760	379584512	7376
Tests\Feature\CustomerListeningPrimaryProofTest::test_genuine_last_account_query_callbacks_cannot_release_private_state_or_commit_a_change#create password	367227312	379584512	7394
Tests\Feature\CustomerListeningPrimaryProofTest::test_genuine_last_account_query_callbacks_cannot_release_private_state_or_commit_a_change#create policy	368185384	381681664	7412
Tests\Feature\CustomerListeningPrimaryProofTest::test_genuine_last_account_query_callbacks_cannot_release_private_state_or_commit_a_change#create role	369077920	381681664	7430
Tests\Feature\CustomerListeningPrimaryProofTest::test_genuine_last_account_query_callbacks_cannot_release_private_state_or_commit_a_change#create email	369970440	383778816	7448
Tests\Feature\CustomerListeningPrimaryProofTest::test_genuine_last_account_query_callbacks_cannot_release_private_state_or_commit_a_change#create library	370862952	383778816	7466
Tests\Feature\CustomerListeningPrimaryProofTest::test_genuine_last_account_query_callbacks_cannot_release_private_state_or_commit_a_change#no-op account	371755608	383778816	7484
Tests\Feature\CustomerListeningPrimaryProofTest::test_genuine_last_account_query_callbacks_cannot_release_private_state_or_commit_a_change#no-op password	372713688	385875968	7502
Tests\Feature\CustomerListeningPrimaryProofTest::test_genuine_last_account_query_callbacks_cannot_release_private_state_or_commit_a_change#no-op policy	373606232	385875968	7520
Tests\Feature\CustomerListeningPrimaryProofTest::test_genuine_last_account_query_callbacks_cannot_release_private_state_or_commit_a_change#no-op role	374498720	387973120	7538
Tests\Feature\CustomerListeningPrimaryProofTest::test_genuine_last_account_query_callbacks_cannot_release_private_state_or_commit_a_change#no-op email	375391256	387973120	7556
Tests\Feature\CustomerListeningPrimaryProofTest::test_genuine_last_account_query_callbacks_cannot_release_private_state_or_commit_a_change#no-op library	376283784	390070272	7574
Tests\Feature\CustomerPurchaseClaimMigrationTest::test_empty_owned_roundtrip_preserves_exact_schema_and_repeat_install_refuses_without_ddl	377710664	390070272	7597
Tests\Feature\CustomerPurchaseClaimMigrationTest::test_empty_foreign_or_altered_schema_is_preserved_when_rollback_refuses#0	378803640	392167424	7617
Tests\Feature\CustomerPurchaseClaimMigrationTest::test_empty_foreign_or_altered_schema_is_preserved_when_rollback_refuses#1	379962240	394264576	7637
Tests\Feature\CustomerPurchaseClaimMigrationTest::test_empty_foreign_or_altered_schema_is_preserved_when_rollback_refuses#2	381055344	394264576	7657
Tests\Feature\CustomerPurchaseClaimMigrationTest::test_empty_foreign_or_altered_schema_is_preserved_when_rollback_refuses#3	382213920	396361728	7677
Tests\Feature\CustomerPurchaseClaimMigrationTest::test_empty_foreign_or_altered_schema_is_preserved_when_rollback_refuses#4	383307008	396361728	7697
Tests\Feature\CustomerPurchaseClaimMigrationTest::test_foreign_guard_collision_is_refused_before_either_table_is_created	384560384	398458880	7718
Tests\Feature\CustomerPurchaseClaimMigrationTest::test_temporary_table_shadow_is_refused_before_permanent_ddl	385749736	398458880	7739
Tests\Feature\CustomerPurchaseClaimTest::test_original_guest_purchase_is_explicitly_saved_and_fresh_account_session_reads_original_items_and_hash_verified_files	387809256	400556032	7768
Tests\Feature\CustomerPurchaseClaimTest::test_claim_never_creates_owner_alias_or_quote_checkout_or_sibling_order_access	388660880	402653184	7786
Tests\Feature\CustomerPurchaseClaimTest::test_pending_claim_fails_closed_after_invalidation#0	389533832	404750336	7805
Tests\Feature\CustomerPurchaseClaimTest::test_pending_claim_fails_closed_after_invalidation#1	390422432	404750336	7823
Tests\Feature\CustomerPurchaseClaimTest::test_pending_claim_fails_closed_after_invalidation#2	391315192	404750336	7841
Tests\Feature\CustomerPurchaseClaimTest::test_pending_claim_fails_closed_after_invalidation#3	392207536	406847488	7859
Tests\Feature\CustomerPurchaseClaimTest::test_pending_claim_fails_closed_after_invalidation#4	393100064	406847488	7877
Tests\Feature\CustomerPurchaseClaimTest::test_pending_claim_fails_closed_after_invalidation#5	394058160	408944640	7895
Tests\Feature\CustomerPurchaseClaimTest::test_pending_claim_fails_closed_after_invalidation#6	394950944	408944640	7914
Tests\Feature\CustomerPurchaseClaimTest::test_pending_claim_fails_closed_after_invalidation#7	395849664	411041792	7932
Tests\Feature\CustomerPurchaseClaimTest::test_pending_claim_fails_closed_after_invalidation#8	396741864	411041792	7950
Tests\Feature\CustomerPurchaseClaimTest::test_claim_is_single_order_single_account_and_modified_challenge_retry_is_denied	397606856	411041792	7968
Tests\Feature\CustomerPurchaseClaimTest::test_commit_time_expiry_rolls_back_claim_without_losing_possession_challenge	398564208	413138944	7986
Tests\Feature\CustomerPurchaseClaimTest::test_claimed_download_still_rechecks_withdrawal_after_byte_preparation	399494216	413138944	8004
Tests\Feature\CustomerPurchaseClaimTest::test_original_guest_possession_is_required_and_account_owned_orders_cannot_be_staged	400356672	415236096	8022
Tests\Feature\CustomerPurchaseClaimTest::test_claim_gate_withdrawal_in_audit_rolls_back_download_effects#0	401279424	415236096	8040
Tests\Feature\CustomerPurchaseClaimTest::test_claim_gate_withdrawal_in_audit_rolls_back_download_effects#1	402178464	417333248	8058
Tests\Feature\CustomerPurchaseClaimTest::test_audit_write_failure_rolls_back_claim_and_keeps_originals_unchanged	403121984	417333248	8076
Tests\Feature\CustomerPurchaseClaimTest::test_pending_challenge_limit_and_malformed_dates_are_enforced_by_durable_guards	403989184	419430400	8094
Tests\Feature\CustomerPurchaseClaimTest::test_disabled_and_production_gates_refuse_claim_without_creating_evidence	404870736	419430400	8112
Tests\Feature\CustomerPurchaseClaimTest::test_current_login_after_credential_recovery_retains_saved_order_but_cannot_replay_old_claim	405905688	419430400	8130
Tests\Feature\CustomerPurchaseClaimTest::test_retained_challenge_policy_and_interval_corruption_fail_closed_without_requiring_live_proof_expiry	406706352	421527552	8148
Tests\Feature\CustomerPurchaseClaimTest::test_malformed_claim_timestamp_cannot_fit_lexically_inside_a_valid_challenge	407637936	421527552	8166
Tests\Feature\CustomerPurchaseClaimTest::test_claim_http_requires_real_csrf_and_rejects_noncanonical_requests_before_writes	408207864	423624704	8185
Tests\Feature\CustomerPurchaseClaimTest::test_guest_order_requires_verified_paid_finalization_and_issued_original_contracts	409417328	423624704	8203
Tests\Feature\CustomerPurchaseClaimTest::test_claim_gate_withdrawal_during_retained_projection_cannot_escape_in_response#0	410430760	425721856	8221
Tests\Feature\CustomerPurchaseClaimTest::test_claim_gate_withdrawal_during_retained_projection_cannot_escape_in_response#1	411324928	425721856	8239
Tests\Feature\CustomerPurchaseClaimTest::test_claim_gate_withdrawal_during_retained_projection_cannot_escape_in_response#2	412289208	427819008	8257
Tests\Feature\CustomerPurchaseClaimTest::test_claim_gate_withdrawal_during_retained_projection_cannot_escape_in_response#3	413172384	427819008	8275
Tests\Feature\CustomerPurchaseClaimTest::test_claim_withdrawal_during_history_entry_payment_projection_hides_original_preview	414064992	427819008	8293
Tests\Feature\CustomerPurchaseClaimTest::test_direct_sql_mutation_delete_and_replace_cannot_change_retained_claim_evidence	414969784	429916160	8312
Tests\Feature\CustomerRefundResolutionHttpTest::test_transport_refusal_is_private_and_never_invokes_the_reader#post	414667128	429916160	8312
Tests\Feature\CustomerRefundResolutionHttpTest::test_transport_refusal_is_private_and_never_invokes_the_reader#head	414731672	429916160	8312
Tests\Feature\CustomerRefundResolutionHttpTest::test_transport_refusal_is_private_and_never_invokes_the_reader#options	414730696	429916160	8312
Tests\Feature\CustomerRefundResolutionHttpTest::test_transport_refusal_is_private_and_never_invokes_the_reader#delete	414729712	429916160	8312
Tests\Feature\CustomerRefundResolutionHttpTest::test_transport_refusal_is_private_and_never_invokes_the_reader#body without length	414728744	429916160	8312
Tests\Feature\CustomerRefundResolutionHttpTest::test_transport_refusal_is_private_and_never_invokes_the_reader#body with false length	414793336	429916160	8312
Tests\Feature\CustomerRefundResolutionHttpTest::test_transport_refusal_is_private_and_never_invokes_the_reader#query	414792368	429916160	8312
Tests\Feature\CustomerRefundResolutionHttpTest::test_transport_refusal_is_private_and_never_invokes_the_reader#discarded query	414791376	429916160	8312
Tests\Feature\CustomerRefundResolutionHttpTest::test_transport_refusal_is_private_and_never_invokes_the_reader#range	414790432	429916160	8312
Tests\Feature\CustomerRefundResolutionHttpTest::test_transport_refusal_is_private_and_never_invokes_the_reader#if range	414854976	429916160	8312
Tests\Feature\CustomerRefundResolutionHttpTest::test_transport_refusal_is_private_and_never_invokes_the_reader#override	414853992	429916160	8312
Tests\Feature\CustomerRefundResolutionHttpTest::test_transport_refusal_is_private_and_never_invokes_the_reader#encoding	414853008	429916160	8312
Tests\Feature\CustomerRefundResolutionHttpTest::test_transport_refusal_is_private_and_never_invokes_the_reader#cross origin	414852080	429916160	8312
Tests\Feature\CustomerRefundResolutionHttpTest::test_transport_refusal_is_private_and_never_invokes_the_reader#cross site	414851096	429916160	8312
Tests\Feature\CustomerRefundResolutionHttpTest::test_routing_and_debug_middleware_failures_use_the_same_private_boundary	415603544	429916160	8325
Tests\Feature\CustomerRefundResolutionHttpTest::test_lock_timeout_is_generic_and_private	416037464	429916160	8341
Tests\Feature\CustomerRefundResolutionHttpTest::test_existing_read_rate_budget_is_retained_with_private_retry_metadata	416040744	429916160	8343
Tests\Feature\CustomerRefundResolutionTest::test_retained_projection_survives_expiry_and_write_policy_withdrawal_without_changing_originals#inventory	417422872	432013312	8381
Tests\Feature\CustomerRefundResolutionTest::test_retained_projection_survives_expiry_and_write_policy_withdrawal_without_changing_originals#inventory and promotion	418559328	434110464	8403
